layer,head,head_index,fetv128_period_mean,fetv128_period_std,fetv128_dominant_period,fetv128_is_cycle6,step128_period_mean,step128_period_std,step128_dominant_period,step128_is_cycle6,chronomagic150_period_mean,chronomagic150_period_std,chronomagic150_dominant_period,chronomagic150_is_cycle6,best_label
0,0,0,9.327922,1.102515,9.714286,0,9.327922,1.102515,9.714286,0,9.196190,1.249693,9.714286,0,-1
0,1,1,7.193608,1.977908,6.800000,0,7.197058,1.996919,6.800000,0,7.004000,1.428000,6.800000,0,1
0,2,2,5.421655,1.348324,6.181818,0,5.090385,1.535150,6.181818,0,5.436364,1.384638,6.181818,0,1
0,3,3,4.038777,3.062657,3.090909,0,3.872008,1.571185,3.090909,0,4.176111,1.836791,3.090909,0,1
0,4,4,6.181818,0.000000,6.181818,1,6.181818,0.000000,6.181818,1,6.181818,0.000000,6.181818,1,-1
0,5,5,6.181818,0.000000,6.181818,1,6.181818,0.000000,6.181818,1,6.181818,0.000000,6.181818,1,-1
0,6,6,6.181818,0.000000,6.181818,1,6.181818,0.000000,6.181818,1,6.181818,0.000000,6.181818,1,-1
0,7,7,6.181818,0.000000,6.181818,1,6.181818,0.000000,6.181818,1,6.181818,0.000000,6.181818,1,-1
0,8,8,5.048723,2.925674,3.090909,0,4.516049,1.825354,3.090909,0,4.653276,2.520021,3.090909,0,1
0,9,9,9.200667,1.235867,9.714286,0,8.977378,1.522763,9.714286,0,9.242372,3.978837,9.714286,0,-1
0,10,10,45.232143,28.437044,68.000000,0,45.687500,28.331120,68.000000,0,47.794286,27.738666,68.000000,0,-1
0,11,11,6.181818,0.000000,6.181818,1,6.181818,0.000000,6.181818,1,6.181818,0.000000,6.181818,1,-1
1,0,12,6.568182,1.102515,6.181818,0,6.485390,0.990051,6.181818,1,6.652814,1.200808,6.181818,0,-1
1,1,13,6.181818,0.000000,6.181818,1,6.181818,0.000000,6.181818,1,6.181818,0.000000,6.181818,1,-1
1,2,14,6.457792,0.948002,6.181818,1,6.574736,1.354724,6.181818,0,6.397887,0.839382,6.181818,1,-1
1,3,15,6.816558,1.356209,6.181818,0,6.899351,1.421199,6.181818,0,6.841212,1.376404,6.181818,0,-1
1,4,16,6.430195,0.903156,6.181818,1,6.237013,0.438095,6.181818,1,6.346667,0.745082,6.181818,1,-1
1,5,17,9.233248,0.947202,9.714286,0,9.317535,0.866001,9.714286,0,8.765075,1.323445,9.714286,0,-1
1,6,18,6.181818,0.000000,6.181818,1,6.181818,0.000000,6.181818,1,6.181818,0.000000,6.181818,1,-1
1,7,19,7.689945,3.281555,9.714286,0,8.110422,4.423585,9.714286,0,6.634618,3.159396,9.714286,0,1
1,8,20,6.181818,0.000000,6.181818,1,6.181818,0.000000,6.181818,1,6.181818,0.000000,6.181818,1,-1
1,9,21,6.181818,0.000000,6.181818,1,6.181818,0.000000,6.181818,1,6.181818,0.000000,6.181818,1,-1
1,10,22,6.868304,1.372353,6.181818,0,7.207752,1.599207,6.181818,0,7.126753,1.630326,6.181818,0,-1
1,11,23,8.428419,1.956138,9.714286,0,7.200335,2.327535,6.181818,0,7.759081,2.311700,9.714286,0,1
2,0,24,7.321168,3.137854,9.714286,0,6.875114,2.980874,9.714286,0,6.688409,3.742178,9.714286,0,1
2,1,25,8.892573,1.616353,9.714286,0,8.158482,1.968502,9.714286,0,7.453506,1.991698,6.181818,0,-1
2,2,26,15.346889,7.994005,22.666667,0,13.152621,7.861563,6.181818,0,14.873275,8.040271,22.666667,0,-1
2,3,27,6.181818,0.000000,6.181818,1,6.181818,0.000000,6.181818,1,6.181818,0.000000,6.181818,1,-1
2,4,28,6.181818,0.000000,6.181818,1,6.181818,0.000000,6.181818,1,6.181818,0.000000,6.181818,1,-1
2,5,29,6.181818,0.000000,6.181818,1,6.181818,0.000000,6.181818,1,6.181818,0.000000,6.181818,1,-1
2,6,30,8.902792,2.487735,9.714286,0,8.716149,2.312308,9.714286,0,7.787573,2.885678,9.714286,0,2
2,7,31,6.181818,0.000000,6.181818,1,6.181818,0.000000,6.181818,1,6.181818,0.000000,6.181818,1,-1
2,8,32,6.237013,0.438095,6.181818,1,6.319805,0.684393,6.181818,1,6.205368,0.287462,6.181818,1,-1
2,9,33,6.191477,0.076667,6.181818,1,6.168479,0.271095,6.181818,1,6.227152,0.161149,6.181818,1,1
2,10,34,5.988636,0.748190,6.181818,1,6.118430,0.417630,6.181818,1,5.790303,1.028034,6.181818,0,-1
2,11,35,6.237013,0.438095,6.181818,1,6.181818,0.000000,6.181818,1,6.181818,0.000000,6.181818,1,-1
3,0,36,6.181818,0.000000,6.181818,1,6.181818,0.000000,6.181818,1,6.181818,0.000000,6.181818,1,-1
3,1,37,6.181818,0.000000,6.181818,1,6.181818,0.000000,6.181818,1,6.181818,0.000000,6.181818,1,-1
3,2,38,6.181818,0.000000,6.181818,1,6.181818,0.000000,6.181818,1,6.181818,0.000000,6.181818,1,-1
3,3,39,5.358611,1.342582,6.181818,0,5.423742,1.363831,6.181818,0,5.289677,1.465841,6.181818,0,1
3,4,40,6.181818,0.000000,6.181818,1,6.181818,0.000000,6.181818,1,6.181818,0.000000,6.181818,1,-1
3,5,41,9.621501,4.137298,13.600000,0,10.067631,4.008351,13.600000,0,8.652853,4.300336,13.600000,0,1
3,6,42,6.879612,3.543536,9.714286,0,7.371107,3.228544,9.714286,0,6.297075,3.470782,9.714286,0,1
3,7,43,6.181818,0.000000,6.181818,1,6.181818,0.000000,6.181818,1,6.181818,0.000000,6.181818,1,-1
3,8,44,6.239773,0.653115,6.181818,1,6.167330,0.283548,6.181818,1,6.254038,0.657478,6.181818,1,-1
3,9,45,6.161951,1.380632,6.181818,1,5.832120,1.610245,6.181818,0,5.608460,1.490620,6.181818,0,1
3,10,46,9.148569,1.677637,9.714286,0,8.702997,2.120487,9.714286,0,7.999646,2.638459,9.714286,0,1
3,11,47,6.299797,0.783555,6.181818,1,6.237013,0.438095,6.181818,1,6.357853,1.074866,6.181818,1,-1
4,0,48,6.264610,0.534421,6.181818,1,6.209416,0.311007,6.181818,1,6.260710,0.498435,6.181818,1,-1
4,1,49,9.367627,6.756253,6.181818,0,10.933752,7.950394,22.666667,0,8.169751,5.275948,9.714286,0,1
4,2,50,7.214421,1.746478,6.181818,0,6.854505,1.550340,6.181818,0,7.032554,1.873441,6.181818,0,1
4,3,51,6.181818,0.000000,6.181818,1,6.181818,0.000000,6.181818,1,6.181818,0.000000,6.181818,1,2
4,4,52,6.010337,0.724714,6.181818,1,6.196307,0.093524,6.181818,1,6.002447,0.729215,6.181818,1,-1
4,5,53,6.181818,0.000000,6.181818,1,6.181818,0.000000,6.181818,1,6.181818,0.000000,6.181818,1,-1
4,6,54,8.707032,3.701908,6.800000,0,9.285361,4.231938,6.181818,0,8.256428,3.688730,6.800000,0,1
4,7,55,6.263332,0.573553,6.181818,1,6.261161,0.451228,6.181818,1,6.280028,0.831567,6.181818,1,-1
4,8,56,7.192854,4.124485,6.181818,0,6.697030,4.341025,3.090909,0,5.573732,3.106078,3.090909,0,1
4,9,57,5.472312,1.280918,6.181818,0,5.294973,1.407568,6.181818,0,4.742218,1.492968,6.181818,0,-1
4,10,58,7.647041,1.704178,6.181818,0,7.025264,1.342319,6.181818,0,7.771800,1.914819,9.714286,0,-1
4,11,59,7.627065,1.853401,6.181818,0,7.151177,1.626195,6.181818,0,7.368863,1.829335,6.181818,0,1
5,0,60,6.454343,2.483227,6.181818,0,6.181818,0.000000,6.181818,1,6.181818,0.000000,6.181818,1,-1
5,1,61,6.181818,0.000000,6.181818,1,6.181818,0.000000,6.181818,1,6.181818,0.000000,6.181818,1,-1
5,2,62,6.181818,0.000000,6.181818,1,6.181818,0.000000,6.181818,1,6.181818,0.000000,6.181818,1,-1
5,3,63,6.357041,2.191667,6.181818,0,6.517343,2.397517,6.181818,0,5.822540,2.456106,6.181818,0,-1
5,4,64,6.209416,0.311007,6.181818,1,6.181818,0.000000,6.181818,1,6.181818,0.000000,6.181818,1,-1
5,5,65,16.767894,6.598460,22.666667,0,15.288990,6.662368,9.714286,0,17.707802,6.669040,22.666667,0,-1
5,6,66,6.181818,0.000000,6.181818,1,6.181818,0.000000,6.181818,1,6.181818,0.000000,6.181818,1,-1
5,7,67,6.310606,1.451366,6.181818,1,6.181818,0.000000,6.181818,1,6.181818,0.000000,6.181818,1,-1
5,8,68,6.945059,1.782742,6.181818,0,6.530970,1.710825,6.181818,0,6.620605,1.637493,6.181818,0,1
5,9,69,6.181818,0.000000,6.181818,1,6.181818,0.000000,6.181818,1,6.181818,0.000000,6.181818,1,-1
5,10,70,6.191477,0.076667,6.181818,1,6.181818,0.000000,6.181818,1,6.181818,0.000000,6.181818,1,-1
5,11,71,6.181818,0.000000,6.181818,1,6.181818,0.000000,6.181818,1,6.181818,0.000000,6.181818,1,-1
6,0,72,6.534950,1.273060,6.181818,0,6.329809,0.610279,6.181818,1,6.431282,1.227006,6.181818,1,-1
6,1,73,6.788044,3.220403,9.714286,0,6.590947,3.140038,9.714286,0,6.030309,2.984761,9.714286,0,-1
6,2,74,7.271571,1.613659,6.181818,0,7.727273,1.752381,6.181818,0,6.969951,1.578257,6.181818,0,-1
6,3,75,4.333548,2.197418,3.090909,0,4.221751,1.974949,3.090909,0,4.490515,2.059132,3.090909,0,1
6,4,76,4.768583,1.549495,6.181818,0,5.149615,2.166472,6.181818,0,5.009435,1.555222,6.181818,0,1
6,5,77,6.476226,3.290167,9.714286,0,7.373681,3.071523,9.714286,0,5.810831,3.204175,9.714286,0,1
6,6,78,5.386341,2.860710,3.090909,0,5.715658,2.990080,3.090909,0,4.658507,2.319037,3.090909,0,1
6,7,79,6.158820,0.259172,6.181818,1,6.110525,0.460319,6.181818,1,6.151769,0.409365,6.181818,1,-1
6,8,80,9.029857,1.908651,9.714286,0,9.114712,1.752607,9.714286,0,8.529686,2.228717,9.714286,0,1
6,9,81,7.230519,1.613917,6.181818,0,7.221033,1.602820,6.181818,0,7.322020,1.768537,6.181818,0,-1
6,10,82,4.449907,2.029559,3.090909,0,4.033584,1.649570,3.090909,0,4.379780,1.813446,3.090909,0,1
6,11,83,6.181818,0.000000,6.181818,1,6.181818,0.000000,6.181818,1,6.181818,0.000000,6.181818,1,2
7,0,84,6.209416,0.311007,6.181818,1,6.181818,0.000000,6.181818,1,6.181818,0.000000,6.181818,1,-1
7,1,85,8.118236,1.799877,9.714286,0,7.451299,1.694939,6.181818,0,7.727371,1.894212,6.181818,0,1
7,2,86,6.192551,0.120947,6.181818,1,6.181818,0.000000,6.181818,1,6.276017,0.569106,6.181818,1,-1
7,3,87,6.181818,0.000000,6.181818,1,6.181818,0.000000,6.181818,1,6.181818,0.000000,6.181818,1,2
7,4,88,6.181818,0.000000,6.181818,1,6.181818,0.000000,6.181818,1,6.181818,0.000000,6.181818,1,-1
7,5,89,3.908761,1.898466,3.090909,0,3.779860,1.827748,3.090909,0,3.668985,1.388472,3.090909,0,1
7,6,90,3.610662,1.475017,3.090909,0,3.653626,1.510151,3.090909,0,3.427019,1.250170,3.090909,0,1
7,7,91,7.392654,2.844138,6.181818,0,7.120130,1.560169,6.181818,0,7.524156,1.714612,6.181818,0,-1
7,8,92,6.102939,0.606789,6.181818,1,6.095134,0.618036,6.181818,1,5.881750,0.837862,6.181818,1,2
7,9,93,6.773468,2.153495,6.181818,0,6.550133,2.443215,6.181818,0,6.573829,2.299620,6.181818,0,1
7,10,94,7.665077,7.439246,2.956522,0,8.760664,7.847714,2.956522,0,6.110410,5.758108,2.956522,0,1
7,11,95,8.645240,3.816747,9.714286,0,8.263975,4.085301,9.714286,0,8.693691,4.537751,9.714286,0,-1
8,0,96,6.181818,0.000000,6.181818,1,6.181818,0.000000,6.181818,1,6.181818,0.000000,6.181818,1,-1
8,1,97,6.191477,0.076667,6.181818,1,6.209416,0.311007,6.181818,1,6.287792,0.677645,6.181818,1,-1
8,2,98,6.292208,0.614623,6.181818,1,6.185268,0.414866,6.181818,1,6.440866,0.920854,6.181818,1,-1
8,3,99,6.181818,0.000000,6.181818,1,6.181818,0.000000,6.181818,1,6.181818,0.000000,6.181818,1,-1
8,4,100,6.181818,0.000000,6.181818,1,6.181818,0.000000,6.181818,1,6.181818,0.000000,6.181818,1,2
8,5,101,6.237013,0.438095,6.181818,1,6.209416,0.311007,6.181818,1,6.228918,0.405166,6.181818,1,-1
8,6,102,5.533058,2.232058,6.181818,0,5.517023,2.281749,6.181818,0,5.271854,2.148227,6.181818,0,1
8,7,103,6.497808,0.905169,6.181818,1,6.217465,0.782726,6.181818,1,6.962716,2.798430,6.181818,0,-1
8,8,104,10.847203,3.482435,9.714286,0,10.210459,4.055888,9.714286,0,9.219596,2.739030,9.714286,0,1
8,9,105,6.157670,0.272131,6.181818,1,6.167330,0.283548,6.181818,1,6.140606,0.354520,6.181818,1,1
8,10,106,6.181818,0.000000,6.181818,1,6.181818,0.000000,6.181818,1,6.181818,0.000000,6.181818,1,2
8,11,107,6.325325,0.967847,6.181818,1,6.297727,0.920000,6.181818,1,6.821784,1.939266,6.181818,0,-1
9,0,108,6.181818,0.000000,6.181818,1,6.186648,0.054426,6.181818,1,6.181818,0.000000,6.181818,1,-1
9,1,109,6.120284,1.224079,6.181818,1,6.158920,1.160337,6.181818,1,6.267922,0.527237,6.181818,1,1
9,2,110,9.832986,5.601646,9.714286,0,9.911711,6.041421,9.714286,0,8.567109,4.780915,8.500000,0,-1
9,3,111,6.265463,3.321783,9.714286,0,6.761416,3.449127,9.714286,0,6.608623,3.350755,9.714286,0,2
9,4,112,6.181818,0.000000,6.181818,1,6.181818,0.000000,6.181818,1,6.181818,0.000000,6.181818,1,-1
9,5,113,9.339248,1.347484,9.714286,0,9.256016,1.382925,9.714286,0,9.169108,1.953827,9.714286,0,1
9,6,114,5.215159,2.897055,3.090909,0,6.184369,3.362707,9.714286,0,5.574105,2.937404,9.714286,0,2
9,7,115,7.657417,2.245750,6.181818,0,7.484588,2.372204,6.181818,0,8.014911,2.822011,6.181818,0,1
9,8,116,6.237013,0.438095,6.181818,1,6.237013,0.438095,6.181818,1,6.393766,0.838915,6.181818,1,-1
9,9,117,6.181818,0.000000,6.181818,1,6.181818,0.000000,6.181818,1,6.181818,0.000000,6.181818,1,-1
9,10,118,6.196307,0.093524,6.181818,1,6.191477,0.076667,6.181818,1,6.175379,0.349879,6.181818,1,-1
9,11,119,6.043418,5.663695,3.090909,0,7.006025,5.764265,3.090909,0,5.602678,3.951095,3.090909,0,1
10,0,120,7.866712,3.078177,6.181818,0,7.780570,3.099759,6.181818,0,7.308071,2.583155,6.181818,0,-1
10,1,121,4.530839,3.529934,3.090909,0,4.696527,3.821209,3.090909,0,5.739036,4.452120,3.090909,0,1
10,2,122,4.983817,3.157106,2.956522,0,5.369911,3.718979,2.956522,0,7.151475,3.954043,6.800000,0,1
10,3,123,6.360511,0.280239,6.181818,1,6.359304,0.330160,6.181818,1,6.472707,0.637294,6.181818,1,1
10,4,124,3.677839,2.080271,3.090909,0,4.392985,4.232540,3.090909,0,4.306216,2.618430,3.090909,0,1
10,5,125,3.744521,2.070281,3.090909,0,3.897455,3.315272,3.090909,0,4.510589,3.295763,3.090909,0,1
10,6,126,8.781100,6.157244,6.181818,0,8.294479,5.254856,6.181818,0,6.791781,4.385374,6.181818,0,1
10,7,127,12.975751,6.814192,9.714286,0,12.536536,6.187816,9.714286,0,14.590699,7.289812,22.666667,0,1
10,8,128,6.452061,1.776120,6.181818,0,6.223061,0.774387,6.181818,1,6.246410,1.750141,6.181818,0,-1
10,9,129,6.181818,0.000000,6.181818,1,6.181818,0.000000,6.181818,1,6.181818,0.000000,6.181818,1,-1
10,10,130,6.045170,3.425856,9.714286,0,6.120686,3.412020,9.714286,0,7.169022,4.123419,9.714286,0,1
10,11,131,8.586964,1.963572,9.714286,0,7.942446,2.235753,9.714286,0,8.295790,2.204997,9.714286,0,2
11,0,132,3.494264,1.479341,3.090909,0,3.565927,1.816135,3.090909,0,3.802184,1.914574,3.090909,0,1
11,1,133,4.211405,2.626957,3.090909,0,4.632566,2.930461,3.090909,0,5.261538,3.178536,9.714286,0,2
11,2,134,7.595150,1.637108,6.181818,0,7.223088,1.627965,6.181818,0,7.046574,1.491535,6.181818,0,-1
11,3,135,6.181818,0.000000,6.181818,1,6.181818,0.000000,6.181818,1,6.181818,0.000000,6.181818,1,-1
11,4,136,6.181818,0.000000,6.181818,1,6.181818,0.000000,6.181818,1,6.181818,0.000000,6.181818,1,-1
11,5,137,7.343611,3.140679,6.181818,0,7.120973,2.771005,6.181818,0,7.514800,3.112008,6.181818,0,1
11,6,138,4.503283,2.289467,3.090909,0,5.358136,2.886936,3.090909,0,5.711200,2.779846,6.181818,0,1
11,7,139,8.481710,4.516747,13.600000,0,9.148714,4.770217,13.600000,0,9.772073,4.410242,13.600000,0,1
11,8,140,6.733766,1.282611,6.181818,0,6.685471,1.358436,6.181818,0,7.429013,1.879137,6.181818,0,1
11,9,141,6.181818,0.000000,6.181818,1,6.181818,0.000000,6.181818,1,6.140606,0.354520,6.181818,1,2
11,10,142,7.640585,2.751621,9.714286,0,8.569110,2.322816,9.714286,0,7.093660,2.849859,9.714286,0,1
11,11,143,5.505979,2.897665,3.090909,0,5.922079,3.249585,3.090909,0,6.214814,2.667074,6.181818,0,1
12,0,144,6.215625,0.445969,6.181818,1,6.195703,0.552022,6.181818,1,6.214273,0.521425,6.181818,1,-1
12,1,145,4.100907,2.324747,3.090909,0,5.133143,3.023484,3.090909,0,5.896559,3.230020,9.714286,0,1
12,2,146,6.181818,0.000000,6.181818,1,6.150124,0.357172,6.181818,1,6.154773,0.330132,6.181818,1,2
12,3,147,6.181818,0.000000,6.181818,1,6.157670,0.272131,6.181818,1,6.181818,0.000000,6.181818,1,-1
12,4,148,3.649761,2.146058,2.956522,0,4.422131,3.764233,3.090909,0,5.145746,4.038301,3.090909,0,1
12,5,149,7.627322,2.969701,9.714286,0,7.622991,2.944459,9.714286,0,7.868585,2.545417,9.714286,0,1
12,6,150,6.479870,1.323709,6.181818,1,6.410417,1.348338,6.181818,1,6.334499,0.970824,6.181818,1,-1
12,7,151,6.181818,0.000000,6.181818,1,6.181818,0.000000,6.181818,1,6.185939,0.050306,6.181818,1,-1
12,8,152,6.181818,0.000000,6.181818,1,6.181818,0.000000,6.181818,1,6.154773,0.330132,6.181818,1,2
12,9,153,8.693112,2.879209,9.714286,0,7.743261,2.521901,9.714286,0,8.083095,2.443587,9.714286,0,1
12,10,154,6.181818,0.000000,6.181818,1,6.181818,0.000000,6.181818,1,6.181818,0.000000,6.181818,1,-1
12,11,155,6.181818,0.000000,6.181818,1,6.181818,0.000000,6.181818,1,6.181818,0.000000,6.181818,1,-1
13,0,156,6.849440,5.563632,3.090909,0,7.376392,5.332908,9.714286,0,9.250333,7.435054,22.666667,0,2
13,1,157,6.935657,3.411800,9.714286,0,7.484915,3.210585,9.714286,0,7.618763,3.168823,9.714286,0,1
13,2,158,6.655525,4.276282,9.714286,0,7.014750,3.568029,9.714286,0,6.541016,3.716128,9.714286,0,1
13,3,159,7.013015,3.536200,6.800000,0,6.384109,2.920103,6.800000,0,6.156757,3.042789,6.800000,0,1
13,4,160,9.475417,4.592360,13.600000,0,9.971268,4.478451,13.600000,0,9.537963,4.247654,13.600000,0,1
13,5,161,3.944474,1.977689,3.090909,0,3.747938,1.750814,3.090909,0,4.692518,2.599055,3.090909,0,1
13,6,162,12.018409,6.438124,17.000000,0,10.530230,5.992108,17.000000,0,10.985651,6.396650,17.000000,0,1
13,7,163,5.971521,3.397188,3.090909,0,6.096606,3.124930,3.090909,0,7.308995,3.318439,9.714286,0,1
13,8,164,9.114661,1.984395,9.714286,0,8.456362,1.879933,9.714286,0,9.029367,2.286414,9.714286,0,1
13,9,165,7.070226,5.522983,3.090909,0,5.980160,3.452959,6.181818,0,8.461775,6.243380,8.500000,0,-1
13,10,166,3.462515,1.534997,3.090909,0,3.619629,1.886303,3.090909,0,4.012492,2.493569,3.090909,0,1
13,11,167,6.186648,0.054426,6.181818,1,6.181818,0.000000,6.181818,1,6.181818,0.000000,6.181818,1,2
14,0,168,6.205966,0.119769,6.181818,1,6.181818,0.000000,6.181818,1,6.194182,0.086545,6.181818,1,2
14,1,169,6.112934,3.253085,9.714286,0,6.741096,3.229152,9.714286,0,7.571853,3.059215,9.714286,0,1
14,2,170,4.130727,2.280576,3.090909,0,4.418396,2.580382,3.090909,0,5.728998,3.224580,3.090909,0,1
14,3,171,6.214245,0.315311,6.181818,1,6.214245,0.315311,6.181818,1,6.185939,0.050306,6.181818,1,-1
14,4,172,6.191477,0.076667,6.181818,1,6.181818,0.000000,6.181818,1,6.181818,0.000000,6.181818,1,2
14,5,173,6.181818,0.000000,6.181818,1,6.181818,0.000000,6.181818,1,6.181818,0.000000,6.181818,1,-1
14,6,174,8.823350,2.060979,9.714286,0,8.473782,2.286527,9.714286,0,8.013403,2.542274,9.714286,0,1
14,7,175,9.183015,1.951350,9.714286,0,8.560887,2.113595,9.714286,0,8.995617,1.720224,9.714286,0,1
14,8,176,6.181818,0.000000,6.181818,1,6.181818,0.000000,6.181818,1,6.181818,0.000000,6.181818,1,-1
14,9,177,7.109781,1.793483,6.181818,0,6.857667,1.687094,6.181818,0,7.695579,2.215322,9.714286,0,1
14,10,178,6.181818,0.000000,6.181818,1,6.181818,0.000000,6.181818,1,6.181818,0.000000,6.181818,1,1
14,11,179,8.633895,6.694486,3.090909,0,8.738233,6.347033,3.090909,0,8.804290,6.672579,3.090909,0,1
15,0,180,7.887850,2.732964,9.714286,0,8.059733,2.887933,9.714286,0,7.435548,2.805455,9.714286,0,1
15,1,181,3.665344,1.972359,3.090909,0,3.845035,2.309865,3.090909,0,4.664159,2.830387,3.090909,0,1
15,2,182,4.335883,2.454824,3.090909,0,4.896670,3.046474,3.090909,0,5.233619,3.795440,3.090909,0,1
15,3,183,5.854645,3.044738,9.714286,0,5.879596,3.013027,9.714286,0,6.285007,2.986612,9.714286,0,1
15,4,184,3.729953,1.887778,3.090909,0,4.020829,2.378503,3.090909,0,4.749728,2.751126,3.090909,0,2
15,5,185,9.216143,4.417600,9.714286,0,8.916344,3.936699,13.600000,0,9.128596,4.140193,13.600000,0,1
15,6,186,3.858544,2.121580,3.090909,0,4.565204,2.606302,3.090909,0,5.090338,2.615050,3.090909,0,1
15,7,187,4.359577,2.583036,3.090909,0,4.371503,2.350857,3.090909,0,5.125855,2.263234,6.181818,0,1
15,8,188,6.181818,0.000000,6.181818,1,6.181818,0.000000,6.181818,1,6.181818,0.000000,6.181818,1,-1
15,9,189,5.684286,4.607935,3.090909,0,7.050253,5.215253,3.090909,0,6.351148,5.279744,3.090909,0,1
15,10,190,8.458981,2.663451,9.714286,0,8.078965,2.590743,9.714286,0,6.923570,3.185896,9.714286,0,1
15,11,191,7.457221,3.812087,6.181818,0,6.847318,2.727923,6.181818,0,7.931751,4.184958,6.181818,0,1
16,0,192,6.735655,3.493465,3.090909,0,6.716139,3.308215,6.181818,0,7.443481,3.605532,6.800000,0,-1
16,1,193,4.809849,3.181732,3.090909,0,5.363980,4.431323,3.090909,0,4.654490,2.916280,3.090909,0,1
16,2,194,6.181818,0.000000,6.181818,1,6.181818,0.000000,6.181818,1,6.185939,0.050306,6.181818,1,-1
16,3,195,6.078345,3.538784,3.090909,0,6.088137,3.539582,3.090909,0,5.868974,2.578774,3.090909,0,1
16,4,196,7.663236,4.692441,6.181818,0,7.234669,3.488024,6.181818,0,7.122161,3.908297,6.181818,0,-1
16,5,197,6.782310,1.703018,6.181818,0,6.515287,1.222305,6.181818,0,6.945848,2.305818,6.181818,0,1
16,6,198,6.181818,0.000000,6.181818,1,6.181818,0.000000,6.181818,1,6.181818,0.000000,6.181818,1,2
16,7,199,5.634659,5.152882,3.090909,0,6.876300,6.673348,2.956522,0,5.223933,4.516932,3.090909,0,1
16,8,200,6.409497,1.077903,6.181818,1,6.411222,1.335270,6.181818,1,6.440979,1.885709,6.181818,0,1
16,9,201,6.239773,0.653115,6.181818,1,6.181818,0.000000,6.181818,1,6.181818,0.000000,6.181818,1,-1
16,10,202,3.463213,1.976046,2.956522,0,3.764463,2.389865,2.956522,0,3.791742,1.736847,3.090909,0,1
16,11,203,5.343297,2.564148,3.090909,0,5.120017,2.345637,3.090909,0,5.466375,1.912287,6.181818,0,1
17,0,204,6.050606,3.083168,9.714286,0,6.272080,3.265100,9.714286,0,6.665613,3.052929,9.714286,0,-1
17,1,205,6.181818,0.000000,6.181818,1,6.181818,0.000000,6.181818,1,6.181818,0.000000,6.181818,1,-1
17,2,206,6.181818,0.000000,6.181818,1,6.157670,0.272131,6.181818,1,6.161212,0.251529,6.181818,1,-1
17,3,207,6.181818,0.000000,6.181818,1,6.181818,0.000000,6.181818,1,6.181818,0.000000,6.181818,1,-1
17,4,208,6.186648,0.054426,6.181818,1,6.181818,0.000000,6.181818,1,6.181818,0.000000,6.181818,1,-1
17,5,209,6.181818,0.000000,6.181818,1,6.181818,0.000000,6.181818,1,6.154773,0.330132,6.181818,1,-1
17,6,210,6.527235,3.250806,9.714286,0,6.628599,3.317677,9.714286,0,7.769488,2.973798,9.714286,0,-1
17,7,211,6.240909,0.764164,6.181818,1,6.608888,2.634771,6.181818,0,6.343171,0.970237,6.181818,1,2
17,8,212,6.186648,0.054426,6.181818,1,6.181818,0.000000,6.181818,1,6.181818,0.000000,6.181818,1,-1
17,9,213,7.750501,2.216692,6.181818,0,7.357640,1.735680,6.181818,0,7.482159,2.092068,6.181818,0,1
17,10,214,6.201136,0.107559,6.181818,1,6.181818,0.000000,6.181818,1,6.169455,0.261981,6.181818,1,1
17,11,215,9.221500,1.611145,9.714286,0,9.362749,1.626622,9.714286,0,8.914696,1.965162,9.714286,0,1
18,0,216,6.133523,0.383333,6.181818,1,6.108325,0.474495,6.181818,1,6.140606,0.354520,6.181818,1,1
18,1,217,6.522903,3.098259,9.714286,0,6.585712,3.253656,9.714286,0,6.997281,3.090329,9.714286,0,1
18,2,218,7.562094,4.022899,9.714286,0,6.940831,3.956931,9.714286,0,8.199003,4.305517,9.714286,0,1
18,3,219,7.321194,3.045577,9.714286,0,6.739758,3.171360,9.714286,0,7.635509,2.841122,9.714286,0,-1
18,4,220,6.832714,2.658539,6.181818,0,6.950440,2.698214,6.181818,0,6.641015,1.623012,6.181818,0,1
18,5,221,5.500996,4.213070,3.090909,0,5.433538,3.352637,3.090909,0,6.774003,4.442551,9.714286,0,1
18,6,222,7.687716,3.268460,9.714286,0,7.871973,4.265313,9.714286,0,8.199251,3.356205,9.714286,0,1
18,7,223,7.462196,4.578017,9.714286,0,6.956996,4.209262,9.714286,0,8.846018,5.740722,9.714286,0,-1
18,8,224,6.816867,3.177097,9.714286,0,6.547287,3.237803,9.714286,0,7.206544,2.986897,9.714286,0,1
18,9,225,8.202063,2.173565,9.714286,0,7.187472,2.815159,9.714286,0,7.032764,2.204096,6.181818,0,1
18,10,226,8.352982,3.496371,9.714286,0,8.265459,3.608904,9.714286,0,8.796572,3.289320,9.714286,0,1
18,11,227,5.210626,2.642760,3.090909,0,4.759091,2.471395,3.090909,0,5.478677,2.471369,3.090909,0,1
19,0,228,5.964105,1.730787,6.181818,0,5.526415,1.618633,6.181818,0,6.158465,0.879980,6.181818,1,1
19,1,229,7.022061,2.341810,6.181818,0,6.833063,2.211133,6.181818,0,6.403435,1.567355,6.181818,0,1
19,2,230,6.181818,0.000000,6.181818,1,6.181818,0.000000,6.181818,1,6.161212,0.251529,6.181818,1,2
19,3,231,6.027791,2.499895,6.181818,0,5.776825,2.258165,6.181818,0,6.217684,2.142684,6.181818,0,1
19,4,232,6.378162,2.199639,6.181818,0,6.197342,0.713879,6.181818,1,6.099357,2.181465,6.181818,0,2
19,5,233,6.186648,0.054426,6.181818,1,6.214245,0.315311,6.181818,1,6.241281,0.412898,6.181818,1,-1
19,6,234,5.923395,1.451988,6.181818,1,5.696406,1.312753,6.181818,0,5.979139,1.229945,6.181818,1,1
19,7,235,6.010760,0.849325,6.181818,1,6.030895,0.752440,6.181818,1,6.100682,0.567955,6.181818,1,-1
19,8,236,4.053390,2.149723,3.090909,0,3.880675,1.979653,3.090909,0,3.879104,1.910110,3.090909,0,1
19,9,237,7.637620,2.737200,6.181818,0,7.940711,2.614077,6.181818,0,7.411219,2.986505,6.181818,0,1
19,10,238,6.181818,0.000000,6.181818,1,6.181818,0.000000,6.181818,1,6.181818,0.000000,6.181818,1,-1
19,11,239,6.069044,0.992337,6.181818,1,6.111531,0.726370,6.181818,1,6.187626,0.776892,6.181818,1,-1
20,0,240,5.836237,1.953099,6.181818,0,5.922216,1.955705,6.181818,0,5.976494,1.814458,6.181818,0,1
20,1,241,6.181818,0.000000,6.181818,1,6.181818,0.000000,6.181818,1,6.181818,0.000000,6.181818,1,-1
20,2,242,6.181818,0.000000,6.181818,1,6.181818,0.000000,6.181818,1,6.181818,0.000000,6.181818,1,-1
20,3,243,6.181818,0.000000,6.181818,1,6.181818,0.000000,6.181818,1,6.181818,0.000000,6.181818,1,-1
20,4,244,6.968230,3.487600,6.181818,0,6.495522,3.553351,6.181818,0,7.305009,3.661521,6.800000,0,1
20,5,245,6.181818,0.000000,6.181818,1,6.181818,0.000000,6.181818,1,6.181818,0.000000,6.181818,1,-1
20,6,246,5.886225,1.290513,6.181818,1,5.871160,1.240126,6.181818,1,5.993718,0.936073,6.181818,1,1
20,7,247,6.181818,0.000000,6.181818,1,6.181818,0.000000,6.181818,1,6.181818,0.000000,6.181818,1,-1
20,8,248,6.264610,0.534421,6.181818,1,6.375000,0.803175,6.181818,1,6.252468,0.494545,6.181818,1,-1
20,9,249,6.181818,0.000000,6.181818,1,6.181818,0.000000,6.181818,1,6.181818,0.000000,6.181818,1,-1
20,10,250,8.806159,4.276560,9.714286,0,8.403670,4.347591,9.714286,0,7.674977,3.308795,6.181818,0,1
20,11,251,6.181818,0.000000,6.181818,1,6.181818,0.000000,6.181818,1,6.154773,0.330132,6.181818,1,-1
21,0,252,6.181818,0.000000,6.181818,1,6.181818,0.000000,6.181818,1,6.181818,0.000000,6.181818,1,-1
21,1,253,9.294575,1.436019,9.714286,0,9.217826,1.672548,9.714286,0,9.127754,1.676319,9.714286,0,1
21,2,254,9.000837,2.218248,9.714286,0,9.299247,1.725570,9.714286,0,9.062154,2.118424,9.714286,0,1
21,3,255,6.181818,0.000000,6.181818,1,6.181818,0.000000,6.181818,1,6.181818,0.000000,6.181818,1,-1
21,4,256,9.376735,1.256483,9.714286,0,9.468401,1.082741,9.714286,0,9.374754,1.154375,9.714286,0,1
21,5,257,6.181818,0.000000,6.181818,1,6.133523,0.383333,6.181818,1,6.205368,0.287462,6.181818,1,1
21,6,258,8.671669,2.549828,9.714286,0,8.720756,2.057332,9.714286,0,8.724232,2.110560,9.714286,0,1
21,7,259,6.163650,0.265245,6.181818,1,6.181818,0.000000,6.181818,1,6.128672,0.457256,6.181818,1,1
21,8,260,6.181818,0.000000,6.181818,1,6.181818,0.000000,6.181818,1,6.181818,0.000000,6.181818,1,2
21,9,261,6.181818,0.000000,6.181818,1,6.181818,0.000000,6.181818,1,6.181818,0.000000,6.181818,1,-1
21,10,262,6.181818,0.000000,6.181818,1,6.181818,0.000000,6.181818,1,6.181818,0.000000,6.181818,1,-1
21,11,263,6.181818,0.000000,6.181818,1,6.181818,0.000000,6.181818,1,6.181818,0.000000,6.181818,1,-1
22,0,264,7.459802,5.532812,3.090909,0,7.896989,5.415734,9.714286,0,7.947982,5.173394,6.181818,0,1
22,1,265,14.423853,8.030351,22.666667,0,12.882174,7.686184,22.666667,0,15.328290,7.889166,22.666667,0,1
22,2,266,8.282613,2.218447,9.714286,0,8.313071,2.232983,9.714286,0,7.852700,2.333619,9.714286,0,1
22,3,267,7.149289,5.064294,3.090909,0,7.497218,4.507010,3.090909,0,8.408836,4.956910,9.714286,0,2
22,4,268,9.567244,2.767076,9.714286,0,9.401920,2.625349,9.714286,0,9.191473,1.869532,9.714286,0,1
22,5,269,7.252779,3.518775,9.714286,0,7.419963,2.845533,9.714286,0,7.844707,2.404501,9.714286,0,1
22,6,270,9.364190,5.169560,9.714286,0,8.420505,3.916048,9.714286,0,8.319770,4.062696,9.714286,0,1
22,7,271,6.181818,0.000000,6.181818,1,6.133523,0.383333,6.181818,1,6.181818,0.000000,6.181818,1,1
22,8,272,8.753046,2.596917,9.714286,0,8.659361,2.598254,9.714286,0,9.014492,2.255373,9.714286,0,2
22,9,273,6.145891,2.945705,9.714286,0,6.832344,3.325758,9.714286,0,6.672806,2.862812,9.714286,0,1
22,10,274,6.789479,2.272001,6.800000,0,6.424442,1.870906,6.800000,0,6.680239,1.977475,6.181818,0,1
22,11,275,6.181818,0.000000,6.181818,1,6.181818,0.000000,6.181818,1,6.181818,0.000000,6.181818,1,-1
23,0,276,7.896805,3.133665,6.181818,0,8.397822,3.544735,6.181818,0,10.328873,3.811983,13.600000,0,1
23,1,277,6.181818,0.000000,6.181818,1,6.181818,0.000000,6.181818,1,6.181818,0.000000,6.181818,1,2
23,2,278,3.543964,1.640939,2.956522,0,3.398753,1.845904,2.956522,0,3.253921,0.898772,2.956522,0,1
23,3,279,6.246389,2.985718,3.090909,0,5.511907,2.776351,3.090909,0,6.201145,2.525740,6.181818,0,1
23,4,280,5.078679,1.871402,6.181818,0,5.245867,2.086400,6.181818,0,5.583786,2.177483,6.181818,0,1
23,5,281,6.943407,3.041267,9.714286,0,6.764484,2.987592,9.714286,0,7.384388,2.477655,9.714286,0,1
23,6,282,9.437272,4.963414,9.714286,0,8.844325,3.851817,9.714286,0,8.774622,3.583179,9.714286,0,1
23,7,283,6.181818,0.000000,6.181818,1,6.181818,0.000000,6.181818,1,6.181818,0.000000,6.181818,1,-1
23,8,284,4.710161,3.185075,3.090909,0,4.787687,3.054728,3.090909,0,4.762124,4.055314,3.090909,0,1
23,9,285,6.537826,3.207451,6.181818,0,6.756556,3.269774,9.714286,0,7.329518,2.641050,6.181818,0,-1
23,10,286,6.181818,0.000000,6.181818,1,6.181818,0.000000,6.181818,1,6.181818,0.000000,6.181818,1,2
23,11,287,7.158860,2.770707,9.714286,0,7.011885,2.831837,9.714286,0,8.041124,2.346127,9.714286,0,-1
24,0,288,9.182001,1.808187,9.714286,0,9.188972,1.662153,9.714286,0,9.403040,1.294967,9.714286,0,1
24,1,289,9.084838,3.183189,9.714286,0,8.821955,2.316211,9.714286,0,9.168997,2.665655,9.714286,0,1
24,2,290,6.181818,0.000000,6.181818,1,6.181818,0.000000,6.181818,1,6.181818,0.000000,6.181818,1,-1
24,3,291,6.136972,1.264479,6.181818,1,5.762079,1.165544,6.181818,0,6.176360,1.063922,6.181818,1,1
24,4,292,5.564494,1.781256,6.181818,0,5.463602,1.531817,6.181818,0,5.845170,1.835795,6.181818,0,1
24,5,293,6.270935,1.097559,6.181818,1,6.271510,0.792885,6.181818,1,6.252112,0.868623,6.181818,1,-1
24,6,294,6.182955,0.396887,6.181818,1,6.094886,0.544947,6.181818,1,6.114505,0.549064,6.181818,1,1
24,7,295,7.317790,2.926594,9.714286,0,7.306434,3.008378,9.714286,0,7.810152,2.500077,9.714286,0,-1
24,8,296,6.092127,0.796718,6.181818,1,5.988636,0.748190,6.181818,1,5.962216,0.895438,6.181818,1,-1
24,9,297,9.306693,1.395258,9.714286,0,8.952226,1.767316,9.714286,0,9.125371,1.444800,9.714286,0,1
24,10,298,7.399110,2.306372,9.714286,0,7.147954,2.117111,6.181818,0,7.071865,2.086082,6.181818,0,1
24,11,299,6.787104,2.645824,9.714286,0,6.774538,2.476810,6.181818,0,7.204612,2.396716,9.714286,0,2
25,0,300,5.029574,2.058724,6.181818,0,4.976517,1.692967,6.181818,0,5.211473,1.731044,6.181818,0,1
25,1,301,9.026730,2.005974,9.714286,0,9.159412,1.802322,9.714286,0,9.193241,1.693272,9.714286,0,-1
25,2,302,8.182821,2.322762,9.714286,0,8.179855,2.148391,9.714286,0,8.043196,2.202988,9.714286,0,1
25,3,303,5.954887,2.083105,6.181818,0,5.707603,1.728344,6.181818,0,6.058004,1.481460,6.181818,1,1
25,4,304,5.940087,3.018865,3.090909,0,5.475199,2.761024,3.090909,0,5.866123,2.864017,3.090909,0,1
25,5,305,3.776414,1.576844,3.090909,0,3.637710,1.295663,3.090909,0,3.400617,0.954937,3.090909,0,1
25,6,306,6.181818,0.000000,6.181818,1,6.181818,0.000000,6.181818,1,6.181818,0.000000,6.181818,1,-1
25,7,307,6.181818,0.000000,6.181818,1,6.181818,0.000000,6.181818,1,6.181818,0.000000,6.181818,1,-1
25,8,308,4.457128,1.999233,3.090909,0,4.480686,1.964853,3.090909,0,4.523675,1.740420,3.090909,0,1
25,9,309,6.181818,0.000000,6.181818,1,6.181818,0.000000,6.181818,1,6.181818,0.000000,6.181818,1,-1
25,10,310,6.759409,2.690802,6.181818,0,6.701368,3.067778,6.181818,0,6.483382,2.360408,6.181818,0,-1
25,11,311,6.185268,0.414866,6.181818,1,6.088677,0.679709,6.181818,1,6.158268,1.004047,6.181818,1,2
26,0,312,6.126494,1.424147,6.181818,1,6.151537,1.309383,6.181818,1,6.348968,1.726484,6.181818,0,1
26,1,313,6.104864,0.745358,6.181818,1,6.009954,0.815588,6.181818,1,5.999634,1.509276,6.181818,0,-1
26,2,314,6.009334,0.846142,6.181818,1,6.011036,0.710881,6.181818,1,5.974709,0.877176,6.181818,1,1
26,3,315,9.610795,0.821428,9.714286,0,9.528003,0.971192,9.714286,0,9.305206,1.499070,9.714286,0,1
26,4,316,6.181818,0.000000,6.181818,1,6.181818,0.000000,6.181818,1,6.181818,0.000000,6.181818,1,-1
26,5,317,6.157670,0.272131,6.181818,1,6.161120,0.496322,6.181818,1,6.190649,0.663749,6.181818,1,-1
26,6,318,6.839688,3.238466,9.714286,0,7.199927,3.065026,9.714286,0,7.574532,2.977344,9.714286,0,1
26,7,319,6.181818,0.000000,6.181818,1,6.181818,0.000000,6.181818,1,6.181818,0.000000,6.181818,1,-1
26,8,320,6.943298,3.039910,9.714286,0,7.267038,2.901379,9.714286,0,7.239094,2.980898,9.714286,0,1
26,9,321,4.525852,2.360300,3.090909,0,5.369580,2.680839,3.090909,0,4.628034,2.209606,3.090909,0,1
26,10,322,6.209416,0.311007,6.181818,1,6.209416,0.311007,6.181818,1,6.205368,0.287462,6.181818,1,2
26,11,323,4.137755,2.519892,3.090909,0,4.487437,3.220672,3.090909,0,3.900674,1.920784,3.090909,0,1
27,0,324,6.086147,0.730909,6.181818,1,5.995766,0.742697,6.181818,1,5.942788,0.888081,6.181818,1,1
27,1,325,6.232413,0.438804,6.181818,1,6.923268,2.914380,6.181818,0,6.473018,2.059390,6.181818,0,-1
27,2,326,4.909553,1.768094,6.181818,0,4.720942,1.971198,3.090909,0,4.671661,1.588167,6.181818,0,1
27,3,327,6.209416,0.311007,6.181818,1,6.319805,0.684393,6.181818,1,6.184762,0.383238,6.181818,1,-1
27,4,328,6.133840,4.147847,3.090909,0,5.414826,3.523970,3.090909,0,4.897716,3.414667,3.090909,0,1
27,5,329,7.861866,2.145303,9.714286,0,7.375789,2.055638,6.181818,0,7.429862,2.257231,9.714286,0,1
27,6,330,6.181818,0.000000,6.181818,1,6.181818,0.000000,6.181818,1,6.181818,0.000000,6.181818,1,-1
27,7,331,6.181818,0.000000,6.181818,1,6.181818,0.000000,6.181818,1,6.181818,0.000000,6.181818,1,-1
27,8,332,3.853959,1.591523,3.090909,0,3.947168,1.648003,3.090909,0,4.353665,1.719130,3.090909,0,1
27,9,333,6.181818,0.000000,6.181818,1,6.181818,0.000000,6.181818,1,6.181818,0.000000,6.181818,1,2
27,10,334,6.158820,0.259172,6.181818,1,6.158820,0.259172,6.181818,1,6.161212,0.251529,6.181818,1,-1
27,11,335,6.181818,0.000000,6.181818,1,6.181818,0.000000,6.181818,1,6.181818,0.000000,6.181818,1,1
28,0,336,6.209416,0.311007,6.181818,1,6.181818,0.000000,6.181818,1,6.181818,0.000000,6.181818,1,-1
28,1,337,6.181818,0.000000,6.181818,1,6.181818,0.000000,6.181818,1,6.181818,0.000000,6.181818,1,-1
28,2,338,11.885895,6.889147,13.600000,0,10.604915,6.876936,6.181818,0,11.773207,6.178873,13.600000,0,1
28,3,339,5.839150,1.768734,6.181818,0,5.605722,1.999412,6.181818,0,5.857027,1.797865,6.181818,0,1
28,4,340,5.632173,1.112046,6.181818,0,5.597756,1.203697,6.181818,0,5.413678,1.248358,6.181818,0,1
28,5,341,6.181818,0.000000,6.181818,1,6.181818,0.000000,6.181818,1,6.181818,0.000000,6.181818,1,-1
28,6,342,6.181818,0.000000,6.181818,1,6.181818,0.000000,6.181818,1,6.181818,0.000000,6.181818,1,-1
28,7,343,6.267830,0.841995,6.181818,1,6.990652,2.037598,6.181818,0,6.167628,0.799584,6.181818,1,1
28,8,344,6.181818,0.000000,6.181818,1,6.181818,0.000000,6.181818,1,6.181818,0.000000,6.181818,1,1
28,9,345,5.137567,2.218181,6.181818,0,5.008953,1.848349,6.181818,0,4.416088,1.841448,3.090909,0,1
28,10,346,6.181818,0.000000,6.181818,1,6.181818,0.000000,6.181818,1,6.181818,0.000000,6.181818,1,-1
28,11,347,6.181818,0.000000,6.181818,1,6.181818,0.000000,6.181818,1,6.181818,0.000000,6.181818,1,1
29,0,348,6.181818,0.000000,6.181818,1,6.181818,0.000000,6.181818,1,6.181818,0.000000,6.181818,1,-1
29,1,349,9.311709,1.200514,9.714286,0,9.071784,1.565434,9.714286,0,9.330424,1.107540,9.714286,0,1
29,2,350,6.181818,0.000000,6.181818,1,6.181818,0.000000,6.181818,1,6.181818,0.000000,6.181818,1,-1
29,3,351,6.452963,2.809041,6.181818,0,5.886066,1.346134,6.181818,1,6.114391,1.893725,6.181818,0,1
29,4,352,6.292208,0.614623,6.181818,1,6.264610,0.534421,6.181818,1,6.205368,0.287462,6.181818,1,-1
29,5,353,9.714286,0.000000,9.714286,0,9.603896,0.614623,9.714286,0,9.714286,0.000000,9.714286,0,-1
29,6,354,9.075238,4.254894,9.714286,0,8.073922,2.055861,9.714286,0,7.987338,1.983878,9.714286,0,1
29,7,355,6.181818,0.000000,6.181818,1,6.181818,0.000000,6.181818,1,6.161212,0.251529,6.181818,1,-1
29,8,356,6.899351,2.154534,6.181818,0,6.781314,2.452886,6.181818,0,6.889146,2.327032,6.181818,0,1
29,9,357,6.181818,0.000000,6.181818,1,6.181818,0.000000,6.181818,1,6.181818,0.000000,6.181818,1,1
29,10,358,6.181818,0.000000,6.181818,1,6.181818,0.000000,6.181818,1,6.181818,0.000000,6.181818,1,-1
29,11,359,5.656328,1.160577,6.181818,0,5.846918,0.961681,6.181818,1,5.447309,1.175923,6.181818,0,-1
