layer,head,head_index,n_prompts,period_mean,period_min,period_max,period_std,period_q25,period_q75,period_iqr,period_range,dominant_period,dominant_period_count
0,0,0,128,9.327922077922082,6.181818181818182,9.714285714285715,1.1025153702676922,9.714285714285715,9.714285714285715,0.0,3.5324675324675336,9.714285714285715,114
0,1,1,128,7.1936079545454525,6.181818181818182,17.0,1.9779081918301022,6.8,6.8,0.0,10.818181818181818,6.8,122
0,2,2,128,5.421654639795909,2.9565217391304346,7.555555555555555,1.348323755403061,4.1875,6.181818181818182,1.9943181818181817,4.599033816425121,6.181818181818182,90
0,3,3,128,4.038777254425149,2.0,34.0,3.062656618076095,3.090909090909091,3.833333333333333,0.7424242424242422,32.0,3.090909090909091,80
0,4,4,128,6.1818181818181825,6.181818181818182,6.181818181818182,8.881784197001252e-16,6.181818181818182,6.181818181818182,0.0,0.0,6.181818181818182,128
0,5,5,128,6.1818181818181825,6.181818181818182,6.181818181818182,8.881784197001252e-16,6.181818181818182,6.181818181818182,0.0,0.0,6.181818181818182,128
0,6,6,128,6.1818181818181825,6.181818181818182,6.181818181818182,8.881784197001252e-16,6.181818181818182,6.181818181818182,0.0,0.0,6.181818181818182,128
0,7,7,128,6.1818181818181825,6.181818181818182,6.181818181818182,8.881784197001252e-16,6.181818181818182,6.181818181818182,0.0,0.0,6.181818181818182,128
0,8,8,128,5.048722514866066,2.0,22.666666666666668,2.925673585415271,3.090909090909091,6.181818181818182,3.090909090909091,20.666666666666668,3.090909090909091,52
0,9,9,128,9.200667388167393,6.181818181818182,9.714285714285715,1.235867341721538,9.714285714285715,9.714285714285715,0.0,3.5324675324675336,9.714285714285715,109
0,10,10,128,45.23214285714285,9.714285714285715,68.0,28.437044456992705,9.714285714285715,68.0,58.285714285714285,58.285714285714285,68.0,78
0,11,11,128,6.1818181818181825,6.181818181818182,6.181818181818182,8.881784197001252e-16,6.181818181818182,6.181818181818182,0.0,0.0,6.181818181818182,128
1,0,12,128,6.56818181818182,6.181818181818182,9.714285714285715,1.1025153702676922,6.181818181818182,6.181818181818182,0.0,3.5324675324675336,6.181818181818182,114
1,1,13,128,6.1818181818181825,6.181818181818182,6.181818181818182,8.881784197001252e-16,6.181818181818182,6.181818181818182,0.0,0.0,6.181818181818182,128
1,2,14,128,6.45779220779221,6.181818181818182,9.714285714285715,0.9480019111506511,6.181818181818182,6.181818181818182,0.0,3.5324675324675336,6.181818181818182,118
1,3,15,128,6.816558441558444,6.181818181818182,9.714285714285715,1.3562094829882825,6.181818181818182,6.181818181818182,0.0,3.5324675324675336,6.181818181818182,105
1,4,16,128,6.430194805194807,6.181818181818182,9.714285714285715,0.9031563601402948,6.181818181818182,6.181818181818182,0.0,3.5324675324675336,6.181818181818182,119
1,5,17,128,9.233247655122659,6.181818181818182,9.714285714285715,0.9472023203315811,9.714285714285715,9.714285714285715,0.0,3.5324675324675336,9.714285714285715,99
1,6,18,128,6.1818181818181825,6.181818181818182,6.181818181818182,8.881784197001252e-16,6.181818181818182,6.181818181818182,0.0,0.0,6.181818181818182,128
1,7,19,128,7.689945211038962,2.0,22.666666666666668,3.2815549528102452,6.314285714285714,9.714285714285715,3.4000000000000012,20.666666666666668,9.714285714285715,52
1,8,20,128,6.1818181818181825,6.181818181818182,6.181818181818182,8.881784197001252e-16,6.181818181818182,6.181818181818182,0.0,0.0,6.181818181818182,128
1,9,21,128,6.1818181818181825,6.181818181818182,6.181818181818182,8.881784197001252e-16,6.181818181818182,6.181818181818182,0.0,0.0,6.181818181818182,128
1,10,22,128,6.868303571428573,6.181818181818182,9.714285714285715,1.3723526454742314,6.181818181818182,6.181818181818182,0.0,3.5324675324675336,6.181818181818182,99
1,11,23,128,8.42841923701299,3.090909090909091,9.714285714285715,1.9561375867870001,6.181818181818182,9.714285714285715,3.5324675324675336,6.6233766233766245,9.714285714285715,86
2,0,24,128,7.321167730296021,3.090909090909091,22.666666666666668,3.1378535938451684,5.230769230769231,9.714285714285715,4.4835164835164845,19.575757575757578,9.714285714285715,43
2,1,25,128,8.892573051948055,3.090909090909091,13.6,1.6163526529813543,9.714285714285715,9.714285714285715,0.0,10.509090909090908,9.714285714285715,97
2,2,26,128,15.346888528138528,3.238095238095238,22.666666666666668,7.994004876453213,6.181818181818182,22.666666666666668,16.484848484848484,19.42857142857143,22.666666666666668,69
2,3,27,128,6.1818181818181825,6.181818181818182,6.181818181818182,8.881784197001252e-16,6.181818181818182,6.181818181818182,0.0,0.0,6.181818181818182,128
2,4,28,128,6.1818181818181825,6.181818181818182,6.181818181818182,8.881784197001252e-16,6.181818181818182,6.181818181818182,0.0,0.0,6.181818181818182,128
2,5,29,128,6.1818181818181825,6.181818181818182,6.181818181818182,8.881784197001252e-16,6.181818181818182,6.181818181818182,0.0,0.0,6.181818181818182,128
2,6,30,128,8.902792090156225,2.9565217391304346,13.6,2.4877350839719288,9.714285714285715,9.714285714285715,0.0,10.643478260869564,9.714285714285715,94
2,7,31,128,6.1818181818181825,6.181818181818182,6.181818181818182,8.881784197001252e-16,6.181818181818182,6.181818181818182,0.0,0.0,6.181818181818182,128
2,8,32,128,6.237012987012989,6.181818181818182,9.714285714285715,0.43809518462433156,6.181818181818182,6.181818181818182,0.0,3.5324675324675336,6.181818181818182,126
2,9,33,128,6.1914772727272736,6.181818181818182,6.8,0.07666665730925802,6.181818181818182,6.181818181818182,0.0,0.6181818181818182,6.181818181818182,126
2,10,34,128,5.988636363636365,3.090909090909091,6.181818181818182,0.7481899646082507,6.181818181818182,6.181818181818182,0.0,3.090909090909091,6.181818181818182,120
2,11,35,128,6.237012987012988,6.181818181818182,9.714285714285715,0.4380951846243317,6.181818181818182,6.181818181818182,0.0,3.5324675324675336,6.181818181818182,126
3,0,36,128,6.1818181818181825,6.181818181818182,6.181818181818182,8.881784197001252e-16,6.181818181818182,6.181818181818182,0.0,0.0,6.181818181818182,128
3,1,37,128,6.1818181818181825,6.181818181818182,6.181818181818182,8.881784197001252e-16,6.181818181818182,6.181818181818182,0.0,0.0,6.181818181818182,128
3,2,38,128,6.1818181818181825,6.181818181818182,6.181818181818182,8.881784197001252e-16,6.181818181818182,6.181818181818182,0.0,0.0,6.181818181818182,128
3,3,39,128,5.358610660173161,3.090909090909091,6.181818181818182,1.3425822739696112,3.238095238095238,6.181818181818182,2.9437229437229435,3.090909090909091,6.181818181818182,93
3,4,40,128,6.1818181818181825,6.181818181818182,6.181818181818182,8.881784197001252e-16,6.181818181818182,6.181818181818182,0.0,0.0,6.181818181818182,128
3,5,41,128,9.621501215950229,2.5185185185185186,17.0,4.137297992141343,6.181818181818182,13.6,7.418181818181818,14.481481481481481,13.6,59
3,6,42,128,6.879612040158917,2.0,22.666666666666668,3.54353572440565,3.238095238095238,9.714285714285715,6.476190476190477,20.666666666666668,9.714285714285715,49
3,7,43,128,6.1818181818181825,6.181818181818182,6.181818181818182,8.881784197001252e-16,6.181818181818182,6.181818181818182,0.0,0.0,6.181818181818182,128
3,8,44,128,6.239772727272728,6.181818181818182,13.6,0.6531145581236555,6.181818181818182,6.181818181818182,0.0,7.418181818181818,6.181818181818182,127
3,9,45,128,6.161951318509708,3.090909090909091,9.714285714285715,1.3806324563950594,6.181818181818182,6.181818181818182,0.0,6.6233766233766245,6.181818181818182,78
3,10,46,128,9.148568650830168,2.0,11.333333333333334,1.6776365428936282,9.714285714285715,9.714285714285715,0.0,9.333333333333334,9.714285714285715,109
3,11,47,128,6.299797077922079,6.181818181818182,13.6,0.7835545481634377,6.181818181818182,6.181818181818182,0.0,7.418181818181818,6.181818181818182,124
4,0,48,128,6.264610389610391,6.181818181818182,9.714285714285715,0.5344214032916083,6.181818181818182,6.181818181818182,0.0,3.5324675324675336,6.181818181818182,125
4,1,49,128,9.36762697965412,3.090909090909091,22.666666666666668,6.756253098124453,5.056410256410256,9.714285714285715,4.657875457875459,19.575757575757578,6.181818181818182,32
4,2,50,128,7.214420995670999,3.090909090909091,9.714285714285715,1.7464777956128505,6.181818181818182,9.714285714285715,3.5324675324675336,6.6233766233766245,6.181818181818182,85
4,3,51,128,6.1818181818181825,6.181818181818182,6.181818181818182,8.881784197001252e-16,6.181818181818182,6.181818181818182,0.0,0.0,6.181818181818182,128
4,4,52,128,6.010336885336886,3.090909090909091,7.555555555555555,0.7247141528622946,6.181818181818182,6.181818181818182,0.0,4.4646464646464645,6.181818181818182,117
4,5,53,128,6.1818181818181825,6.181818181818182,6.181818181818182,8.881784197001252e-16,6.181818181818182,6.181818181818182,0.0,0.0,6.181818181818182,128
4,6,54,128,8.707032140966115,2.193548387096774,17.0,3.7019080277356213,6.181818181818182,9.714285714285715,3.5324675324675336,14.806451612903226,6.8,33
4,7,55,128,6.263332240675991,3.238095238095238,9.714285714285715,0.573553263438019,6.181818181818182,6.181818181818182,0.0,6.476190476190477,6.181818181818182,115
4,8,56,128,7.192853955526474,2.5185185185185186,22.666666666666668,4.124484622206153,4.776190476190477,8.5,3.723809523809523,20.14814814814815,6.181818181818182,32
4,9,57,128,5.472311958874459,2.72,6.8,1.280918230764639,6.181818181818182,6.181818181818182,0.0,4.08,6.181818181818182,95
4,10,58,128,7.647040719696971,3.238095238095238,9.714285714285715,1.7041775209968228,6.181818181818182,9.714285714285715,3.5324675324675336,6.476190476190477,6.181818181818182,52
4,11,59,128,7.627064547294813,3.090909090909091,9.714285714285715,1.8534012514764904,6.181818181818182,9.714285714285715,3.5324675324675336,6.6233766233766245,6.181818181818182,68
5,0,60,128,6.454342532467534,6.181818181818182,34.0,2.4832271634975362,6.181818181818182,6.181818181818182,0.0,27.81818181818182,6.181818181818182,125
5,1,61,128,6.1818181818181825,6.181818181818182,6.181818181818182,8.881784197001252e-16,6.181818181818182,6.181818181818182,0.0,0.0,6.181818181818182,128
5,2,62,128,6.1818181818181825,6.181818181818182,6.181818181818182,8.881784197001252e-16,6.181818181818182,6.181818181818182,0.0,0.0,6.181818181818182,128
5,3,63,128,6.357041049228551,3.090909090909091,9.714285714285715,2.19166678962515,6.181818181818182,6.181818181818182,0.0,6.6233766233766245,6.181818181818182,68
5,4,64,128,6.209415584415586,6.181818181818182,9.714285714285715,0.3110069324398361,6.181818181818182,6.181818181818182,0.0,3.5324675324675336,6.181818181818182,127
5,5,65,128,16.767894345238098,6.8,22.666666666666668,6.598459954350399,9.714285714285715,22.666666666666668,12.952380952380953,15.866666666666667,22.666666666666668,71
5,6,66,128,6.1818181818181825,6.181818181818182,6.181818181818182,8.881784197001252e-16,6.181818181818182,6.181818181818182,0.0,0.0,6.181818181818182,128
5,7,67,128,6.310606060606062,6.181818181818182,22.666666666666668,1.4513656847192344,6.181818181818182,6.181818181818182,0.0,16.484848484848484,6.181818181818182,127
5,8,68,128,6.945058847402599,3.090909090909091,9.714285714285715,1.7827416907154463,6.181818181818182,9.714285714285715,3.5324675324675336,6.6233766233766245,6.181818181818182,87
5,9,69,128,6.1818181818181825,6.181818181818182,6.181818181818182,8.881784197001252e-16,6.181818181818182,6.181818181818182,0.0,0.0,6.181818181818182,128
5,10,70,128,6.1914772727272736,6.181818181818182,6.8,0.07666665730925802,6.181818181818182,6.181818181818182,0.0,0.6181818181818182,6.181818181818182,126
5,11,71,128,6.1818181818181825,6.181818181818182,6.181818181818182,8.881784197001252e-16,6.181818181818182,6.181818181818182,0.0,0.0,6.181818181818182,128
6,0,72,128,6.534949945887447,6.181818181818182,17.0,1.2730597977342972,6.181818181818182,6.181818181818182,0.0,10.818181818181818,6.181818181818182,107
6,1,73,128,6.78804382836537,2.0,13.6,3.220402969164831,3.090909090909091,9.714285714285715,6.6233766233766245,11.6,9.714285714285715,62
6,2,74,128,7.271570616883119,6.181818181818182,9.714285714285715,1.6136594094944807,6.181818181818182,9.714285714285715,3.5324675324675336,3.5324675324675336,6.181818181818182,87
6,3,75,128,4.333547998527758,2.0,9.714285714285715,2.1974175019464925,3.090909090909091,4.320833333333333,1.229924242424242,7.714285714285715,3.090909090909091,62
6,4,76,128,4.768582772205802,2.0,6.8,1.5494948646246802,3.090909090909091,6.181818181818182,3.090909090909091,4.8,6.181818181818182,65
6,5,77,128,6.476225634646153,2.0,9.714285714285715,3.290166914861238,3.090909090909091,9.714285714285715,6.6233766233766245,7.714285714285715,9.714285714285715,64
6,6,78,128,5.38634092581936,2.0,9.714285714285715,2.8607099593512775,3.090909090909091,9.714285714285715,6.6233766233766245,7.714285714285715,3.090909090909091,45
6,7,79,128,6.158820346320347,3.238095238095238,6.181818181818182,0.25917244369986325,6.181818181818182,6.181818181818182,0.0,2.9437229437229435,6.181818181818182,127
6,8,80,128,9.029856861888115,3.090909090909091,9.714285714285715,1.9086510089809658,9.714285714285715,9.714285714285715,0.0,6.6233766233766245,9.714285714285715,111
6,9,81,128,7.230519480519483,6.181818181818182,9.714285714285715,1.6139172454066797,6.181818181818182,9.714285714285715,3.5324675324675336,3.5324675324675336,6.181818181818182,90
6,10,82,128,4.449907364200128,2.0,9.714285714285715,2.0295593413122894,3.090909090909091,6.181818181818182,3.090909090909091,7.714285714285715,3.090909090909091,44
6,11,83,128,6.1818181818181825,6.181818181818182,6.181818181818182,8.881784197001252e-16,6.181818181818182,6.181818181818182,0.0,0.0,6.181818181818182,128
7,0,84,128,6.209415584415586,6.181818181818182,9.714285714285715,0.3110069324398361,6.181818181818182,6.181818181818182,0.0,3.5324675324675336,6.181818181818182,127
7,1,85,128,8.118235930735935,3.238095238095238,9.714285714285715,1.7998770769822618,6.181818181818182,9.714285714285715,3.5324675324675336,6.476190476190477,9.714285714285715,71
7,2,86,128,6.192550505050505,6.181818181818182,7.555555555555555,0.12094714039326951,6.181818181818182,6.181818181818182,0.0,1.3737373737373737,6.181818181818182,127
7,3,87,128,6.1818181818181825,6.181818181818182,6.181818181818182,8.881784197001252e-16,6.181818181818182,6.181818181818182,0.0,0.0,6.181818181818182,128
7,4,88,128,6.1818181818181825,6.181818181818182,6.181818181818182,8.881784197001252e-16,6.181818181818182,6.181818181818182,0.0,0.0,6.181818181818182,128
7,5,89,128,3.9087610085639204,2.0,11.333333333333334,1.8984661029606247,3.0573122529644268,4.0625,1.0051877470355732,9.333333333333334,3.090909090909091,28
7,6,90,128,3.610662011599512,2.0,9.714285714285715,1.4750174447531808,2.9565217391304346,3.238095238095238,0.28157349896480355,7.714285714285715,3.090909090909091,55
7,7,91,128,7.392654220779224,6.181818181818182,34.0,2.8441375368075734,6.181818181818182,9.714285714285715,3.5324675324675336,27.81818181818182,6.181818181818182,91
7,8,92,128,6.102938554501055,3.090909090909091,9.714285714285715,0.6067885734481371,6.181818181818182,6.181818181818182,0.0,6.6233766233766245,6.181818181818182,115
7,9,93,128,6.773467926901317,2.0,9.714285714285715,2.1534948785296804,6.181818181818182,9.714285714285715,3.5324675324675336,7.714285714285715,6.181818181818182,52
7,10,94,128,7.665076563584681,2.0,22.666666666666668,7.439245626589353,2.9565217391304346,9.714285714285715,6.757763975155281,20.666666666666668,2.9565217391304346,42
7,11,95,128,8.645240312436854,2.125,22.666666666666668,3.8167470163947095,6.8,9.714285714285715,2.9142857142857155,20.541666666666668,9.714285714285715,63
8,0,96,128,6.1818181818181825,6.181818181818182,6.181818181818182,8.881784197001252e-16,6.181818181818182,6.181818181818182,0.0,0.0,6.181818181818182,128
8,1,97,128,6.1914772727272736,6.181818181818182,6.8,0.07666665730925802,6.181818181818182,6.181818181818182,0.0,0.6181818181818182,6.181818181818182,126
8,2,98,128,6.292207792207794,6.181818181818182,9.714285714285715,0.6146233387539638,6.181818181818182,6.181818181818182,0.0,3.5324675324675336,6.181818181818182,124
8,3,99,128,6.1818181818181825,6.181818181818182,6.181818181818182,8.881784197001252e-16,6.181818181818182,6.181818181818182,0.0,0.0,6.181818181818182,128
8,4,100,128,6.1818181818181825,6.181818181818182,6.181818181818182,8.881784197001252e-16,6.181818181818182,6.181818181818182,0.0,0.0,6.181818181818182,128
8,5,101,128,6.237012987012988,6.181818181818182,9.714285714285715,0.4380951846243317,6.181818181818182,6.181818181818182,0.0,3.5324675324675336,6.181818181818182,126
8,6,102,128,5.533058172338023,2.0,9.714285714285715,2.232057945731569,3.3595238095238096,6.181818181818182,2.822294372294372,7.714285714285715,6.181818181818182,68
8,7,103,128,6.497808441558442,6.181818181818182,9.714285714285715,0.9051685115558757,6.181818181818182,6.181818181818182,0.0,3.5324675324675336,6.181818181818182,105
8,8,104,128,10.847203057359312,2.0,17.0,3.4824353946459685,9.714285714285715,9.714285714285715,0.0,15.0,9.714285714285715,83
8,9,105,128,6.157670454545455,3.090909090909091,6.181818181818182,0.27213106588485636,6.181818181818182,6.181818181818182,0.0,3.090909090909091,6.181818181818182,127
8,10,106,128,6.1818181818181825,6.181818181818182,6.181818181818182,8.881784197001252e-16,6.181818181818182,6.181818181818182,0.0,0.0,6.181818181818182,128
8,11,107,128,6.325324675324676,6.181818181818182,13.6,0.9678468503441193,6.181818181818182,6.181818181818182,0.0,7.418181818181818,6.181818181818182,125
9,0,108,128,6.1818181818181825,6.181818181818182,6.181818181818182,8.881784197001252e-16,6.181818181818182,6.181818181818182,0.0,0.0,6.181818181818182,128
9,1,109,128,6.120283973273105,2.9565217391304346,9.714285714285715,1.2240787914260234,6.181818181818182,6.181818181818182,0.0,6.757763975155281,6.181818181818182,108
9,2,110,128,9.832986442696559,2.0,22.666666666666668,5.601646345746455,6.181818181818182,9.714285714285715,3.5324675324675336,20.666666666666668,9.714285714285715,47
9,3,111,128,6.265463097420157,2.0,22.666666666666668,3.3217827920277747,3.090909090909091,9.714285714285715,6.6233766233766245,20.666666666666668,9.714285714285715,38
9,4,112,128,6.1818181818181825,6.181818181818182,6.181818181818182,8.881784197001252e-16,6.181818181818182,6.181818181818182,0.0,0.0,6.181818181818182,128
9,5,113,128,9.33924750322777,3.238095238095238,9.714285714285715,1.3474843922863098,9.714285714285715,9.714285714285715,0.0,6.476190476190477,9.714285714285715,118
9,6,114,128,5.2151594365799,2.0,11.333333333333334,2.8970548715407616,3.090909090909091,8.5,5.409090909090909,9.333333333333334,3.090909090909091,37
9,7,115,128,7.657416801948054,6.181818181818182,17.0,2.245750022647911,6.181818181818182,9.714285714285715,3.5324675324675336,10.818181818181818,6.181818181818182,79
9,8,116,128,6.237012987012989,6.181818181818182,9.714285714285715,0.43809518462433167,6.181818181818182,6.181818181818182,0.0,3.5324675324675336,6.181818181818182,126
9,9,117,128,6.1818181818181825,6.181818181818182,6.181818181818182,8.881784197001252e-16,6.181818181818182,6.181818181818182,0.0,0.0,6.181818181818182,128
9,10,118,128,6.196306818181819,6.181818181818182,6.8,0.09352374557603137,6.181818181818182,6.181818181818182,0.0,0.6181818181818182,6.181818181818182,125
9,11,119,128,6.043417985324808,2.0,22.666666666666668,5.6636952757455665,3.090909090909091,8.5,5.409090909090909,20.666666666666668,3.090909090909091,74
10,0,120,128,7.8667122351332885,3.090909090909091,13.6,3.0781770569416484,6.181818181818182,9.714285714285715,3.5324675324675336,10.509090909090908,6.181818181818182,76
10,1,121,128,4.5308392294043855,2.0,22.666666666666668,3.529933796088914,2.9565217391304346,5.230769230769231,2.2742474916387962,20.666666666666668,3.090909090909091,36
10,2,122,128,4.9838169193952195,2.0,17.0,3.157106089485419,2.9565217391304346,6.181818181818182,3.225296442687747,15.0,2.9565217391304346,34
10,3,123,128,6.360511363636364,6.181818181818182,6.8,0.28023851056689564,6.181818181818182,6.8,0.6181818181818182,0.6181818181818182,6.181818181818182,91
10,4,124,128,3.6778393361499147,2.0,9.714285714285715,2.080271190414369,2.9565217391304346,3.238095238095238,0.28157349896480355,7.714285714285715,3.090909090909091,39
10,5,125,128,3.7445209869553464,2.0,11.333333333333334,2.070281448653476,2.9565217391304346,3.4,0.4434782608695653,9.333333333333334,3.090909090909091,46
10,6,126,128,8.78109954053622,2.6153846153846154,22.666666666666668,6.157243586539452,6.181818181818182,7.225,1.043181818181818,20.05128205128205,6.181818181818182,64
10,7,127,128,12.975751252823265,2.9565217391304346,22.666666666666668,6.814192182455024,9.714285714285715,22.666666666666668,12.952380952380953,19.710144927536234,9.714285714285715,65
10,8,128,128,6.452060905103669,3.090909090909091,22.666666666666668,1.776119986206616,6.181818181818182,6.181818181818182,0.0,19.575757575757578,6.181818181818182,103
10,9,129,128,6.1818181818181825,6.181818181818182,6.181818181818182,8.881784197001252e-16,6.181818181818182,6.181818181818182,0.0,0.0,6.181818181818182,128
10,10,130,128,6.045170449796552,2.0,11.333333333333334,3.4258562656843923,3.0573122529644268,9.714285714285715,6.6569734613212885,9.333333333333334,9.714285714285715,49
10,11,131,128,8.586964348014927,2.125,9.714285714285715,1.9635715061911898,6.181818181818182,9.714285714285715,3.5324675324675336,7.589285714285715,9.714285714285715,93
11,0,132,128,3.494264018241739,2.0,9.714285714285715,1.4793409412277256,2.9565217391304346,3.4,0.4434782608695653,7.714285714285715,3.090909090909091,53
11,1,133,128,4.211405167655446,2.0,13.6,2.626957172366846,2.8333333333333335,4.25,1.4166666666666665,11.6,3.090909090909091,38
11,2,134,128,7.5951501623376645,6.181818181818182,9.714285714285715,1.6371075670933704,6.181818181818182,9.714285714285715,3.5324675324675336,3.5324675324675336,6.181818181818182,64
11,3,135,128,6.1818181818181825,6.181818181818182,6.181818181818182,8.881784197001252e-16,6.181818181818182,6.181818181818182,0.0,0.0,6.181818181818182,128
11,4,136,128,6.1818181818181825,6.181818181818182,6.181818181818182,8.881784197001252e-16,6.181818181818182,6.181818181818182,0.0,0.0,6.181818181818182,128
11,5,137,128,7.3436113365800875,6.181818181818182,22.666666666666668,3.1406793116934493,6.181818181818182,6.8,0.6181818181818182,16.484848484848484,6.181818181818182,95
11,6,138,128,4.503282956622589,2.0,9.714285714285715,2.2894674281756773,3.090909090909091,6.181818181818182,3.090909090909091,7.714285714285715,3.090909090909091,50
11,7,139,128,8.481709688245601,2.0,22.666666666666668,4.516747347904295,3.2012987012987013,13.6,10.398701298701297,20.666666666666668,13.6,40
11,8,140,128,6.733766233766236,6.181818181818182,9.714285714285715,1.282611367899859,6.181818181818182,6.181818181818182,0.0,3.5324675324675336,6.181818181818182,108
11,9,141,128,6.1818181818181825,6.181818181818182,6.181818181818182,8.881784197001252e-16,6.181818181818182,6.181818181818182,0.0,0.0,6.181818181818182,128
11,10,142,128,7.64058485671937,2.0,9.714285714285715,2.7516210489936133,6.181818181818182,9.714285714285715,3.5324675324675336,7.714285714285715,9.714285714285715,77
11,11,143,128,5.505978585122609,2.9565217391304346,11.333333333333334,2.8976646310462777,3.090909090909091,9.714285714285715,6.6233766233766245,8.376811594202898,3.090909090909091,58
12,0,144,128,6.215625000000001,3.090909090909091,6.8,0.4459687105391572,6.181818181818182,6.181818181818182,0.0,3.709090909090909,6.181818181818182,109
12,1,145,128,4.100907190159194,2.9565217391304346,9.714285714285715,2.324746938559327,3.090909090909091,3.090909090909091,0.0,6.757763975155281,3.090909090909091,77
12,2,146,128,6.1818181818181825,6.181818181818182,6.181818181818182,8.881784197001252e-16,6.181818181818182,6.181818181818182,0.0,0.0,6.181818181818182,128
12,3,147,128,6.1818181818181825,6.181818181818182,6.181818181818182,8.881784197001252e-16,6.181818181818182,6.181818181818182,0.0,0.0,6.181818181818182,128
12,4,148,128,3.6497608882200208,2.0,22.666666666666668,2.146058273599666,2.9565217391304346,3.238095238095238,0.28157349896480355,20.666666666666668,2.9565217391304346,40
12,5,149,128,7.62732176290529,2.0,9.714285714285715,2.969701057322373,3.2012987012987013,9.714285714285715,6.512987012987014,7.714285714285715,9.714285714285715,84
12,6,150,128,6.479870129870131,6.181818181818182,13.6,1.323709063173046,6.181818181818182,6.181818181818182,0.0,7.418181818181818,6.181818181818182,115
12,7,151,128,6.1818181818181825,6.181818181818182,6.181818181818182,8.881784197001252e-16,6.181818181818182,6.181818181818182,0.0,0.0,6.181818181818182,128
12,8,152,128,6.1818181818181825,6.181818181818182,6.181818181818182,8.881784197001252e-16,6.181818181818182,6.181818181818182,0.0,0.0,6.181818181818182,128
12,9,153,128,8.693111640963206,2.0,13.6,2.879209099687302,6.181818181818182,9.714285714285715,3.5324675324675336,11.6,9.714285714285715,62
12,10,154,128,6.1818181818181825,6.181818181818182,6.181818181818182,8.881784197001252e-16,6.181818181818182,6.181818181818182,0.0,0.0,6.181818181818182,128
12,11,155,128,6.1818181818181825,6.181818181818182,6.181818181818182,8.881784197001252e-16,6.181818181818182,6.181818181818182,0.0,0.0,6.181818181818182,128
13,0,156,128,6.8494396978650025,2.0,22.666666666666668,5.563631708347595,3.090909090909091,9.714285714285715,6.6233766233766245,20.666666666666668,3.090909090909091,24
13,1,157,128,6.935656788679275,2.0,22.666666666666668,3.41179986410595,3.090909090909091,9.714285714285715,6.6233766233766245,20.666666666666668,9.714285714285715,56
13,2,158,128,6.6555246967468085,2.0,22.666666666666668,4.2762817896688095,3.090909090909091,9.714285714285715,6.6233766233766245,20.666666666666668,9.714285714285715,38
13,3,159,128,7.0130149515339735,2.9565217391304346,17.0,3.536199582873461,5.445887445887446,6.8,1.3541125541125538,14.043478260869566,6.8,42
13,4,160,128,9.475416555503172,2.0,17.0,4.592360098366278,6.407692307692308,13.6,7.192307692307692,15.0,13.6,35
13,5,161,128,3.9444738582215466,2.0,9.714285714285715,1.9776886466727992,3.090909090909091,3.5789473684210527,0.4880382775119618,7.714285714285715,3.090909090909091,63
13,6,162,128,12.018409412711383,2.0,22.666666666666668,6.438123634258474,6.8,17.0,10.2,20.666666666666668,17.0,41
13,7,163,128,5.97152113263129,2.0,13.6,3.3971883266173473,3.090909090909091,9.714285714285715,6.6233766233766245,11.6,3.090909090909091,38
13,8,164,128,9.114661120129874,2.0,17.0,1.9843953462371362,9.714285714285715,9.714285714285715,0.0,15.0,9.714285714285715,97
13,9,165,128,7.070226454722576,2.0,22.666666666666668,5.5229831427880045,3.090909090909091,8.5,5.409090909090909,20.666666666666668,3.090909090909091,24
13,10,166,128,3.4625154394469044,2.125,11.333333333333334,1.5349971652333614,2.9565217391304346,3.090909090909091,0.13438735177865624,9.208333333333334,3.090909090909091,51
13,11,167,128,6.186647727272728,6.181818181818182,6.8,0.0544262131769713,6.181818181818182,6.181818181818182,0.0,0.6181818181818182,6.181818181818182,127
14,0,168,128,6.20596590909091,6.181818181818182,6.8,0.1197688324146779,6.181818181818182,6.181818181818182,0.0,0.6181818181818182,6.181818181818182,123
14,1,169,128,6.1129344754282195,2.0,9.714285714285715,3.253085370333149,3.090909090909091,9.714285714285715,6.6233766233766245,7.714285714285715,9.714285714285715,56
14,2,170,128,4.130727338281687,2.0,9.714285714285715,2.2805760566564444,3.090909090909091,3.4,0.3090909090909091,7.714285714285715,3.090909090909091,48
14,3,171,128,6.214245129870131,6.181818181818182,9.714285714285715,0.31531089243138877,6.181818181818182,6.181818181818182,0.0,3.5324675324675336,6.181818181818182,126
14,4,172,128,6.1914772727272736,6.181818181818182,6.8,0.07666665730925802,6.181818181818182,6.181818181818182,0.0,0.6181818181818182,6.181818181818182,126
14,5,173,128,6.1818181818181825,6.181818181818182,6.181818181818182,8.881784197001252e-16,6.181818181818182,6.181818181818182,0.0,0.0,6.181818181818182,128
14,6,174,128,8.823349567099571,3.090909090909091,9.714285714285715,2.0609788690226063,9.714285714285715,9.714285714285715,0.0,6.6233766233766245,9.714285714285715,106
14,7,175,128,9.183014532068814,3.090909090909091,13.6,1.9513497443313113,9.714285714285715,9.714285714285715,0.0,10.509090909090908,9.714285714285715,107
14,8,176,128,6.1818181818181825,6.181818181818182,6.181818181818182,8.881784197001252e-16,6.181818181818182,6.181818181818182,0.0,0.0,6.181818181818182,128
14,9,177,128,7.109780844155846,3.090909090909091,9.714285714285715,1.7934828504857259,6.181818181818182,9.714285714285715,3.5324675324675336,6.6233766233766245,6.181818181818182,85
14,10,178,128,6.1818181818181825,6.181818181818182,6.181818181818182,8.881784197001252e-16,6.181818181818182,6.181818181818182,0.0,0.0,6.181818181818182,128
14,11,179,128,8.633895278936041,2.0,22.666666666666668,6.694485812075412,3.090909090909091,9.714285714285715,6.6233766233766245,20.666666666666668,3.090909090909091,42
15,0,180,128,7.887850311737882,2.125,13.6,2.732963848372067,6.181818181818182,9.714285714285715,3.5324675324675336,11.475,9.714285714285715,64
15,1,181,128,3.665343876509187,2.0,13.6,1.9723587517008105,3.090909090909091,3.4,0.3090909090909091,11.6,3.090909090909091,57
15,2,182,128,4.335883256375427,2.0,11.333333333333334,2.454824435017727,3.090909090909091,4.4951923076923075,1.4042832167832167,9.333333333333334,3.090909090909091,56
15,3,183,128,5.8546451094711625,2.0,11.333333333333334,3.044738474715559,3.090909090909091,9.714285714285715,6.6233766233766245,9.333333333333334,9.714285714285715,42
15,4,184,128,3.7299530305875956,2.0,11.333333333333334,1.8877782304673754,3.090909090909091,3.5789473684210527,0.4880382775119618,9.333333333333334,3.090909090909091,49
15,5,185,128,9.216143144850953,2.8333333333333335,17.0,4.417599823552885,6.181818181818182,13.6,7.418181818181818,14.166666666666666,9.714285714285715,24
15,6,186,128,3.8585440927603005,2.0,9.714285714285715,2.1215795709430316,2.9565217391304346,3.4,0.4434782608695653,7.714285714285715,3.090909090909091,40
15,7,187,128,4.359576863995892,2.0,22.666666666666668,2.583036260144639,3.090909090909091,6.181818181818182,3.090909090909091,20.666666666666668,3.090909090909091,60
15,8,188,128,6.1818181818181825,6.181818181818182,6.181818181818182,8.881784197001252e-16,6.181818181818182,6.181818181818182,0.0,0.0,6.181818181818182,128
15,9,189,128,5.684285993972383,2.125,22.666666666666668,4.607935183909089,3.090909090909091,6.8,3.709090909090909,20.541666666666668,3.090909090909091,36
15,10,190,128,8.458980989095766,2.0,17.0,2.6634505284739025,8.5,9.714285714285715,1.2142857142857153,15.0,9.714285714285715,77
15,11,191,128,7.457220643939395,5.666666666666667,22.666666666666668,3.81208719899143,6.181818181818182,6.8,0.6181818181818182,17.0,6.181818181818182,94
16,0,192,128,6.73565468382591,2.0,17.0,3.4934646457016596,3.2012987012987013,8.5,5.298701298701299,15.0,3.090909090909091,25
16,1,193,128,4.809848907131517,2.0,17.0,3.18173170577408,3.090909090909091,6.181818181818182,3.090909090909091,15.0,3.090909090909091,54
16,2,194,128,6.1818181818181825,6.181818181818182,6.181818181818182,8.881784197001252e-16,6.181818181818182,6.181818181818182,0.0,0.0,6.181818181818182,128
16,3,195,128,6.078344988622806,2.6153846153846154,22.666666666666668,3.5387841349051685,3.090909090909091,6.8,3.709090909090909,20.05128205128205,3.090909090909091,32
16,4,196,128,7.66323554917305,3.090909090909091,34.0,4.6924410138003765,6.181818181818182,8.5,2.3181818181818183,30.90909090909091,6.181818181818182,75
16,5,197,128,6.7823098228525875,3.090909090909091,17.0,1.703017885634008,6.181818181818182,6.8,0.6181818181818182,13.90909090909091,6.181818181818182,92
16,6,198,128,6.1818181818181825,6.181818181818182,6.181818181818182,8.881784197001252e-16,6.181818181818182,6.181818181818182,0.0,0.0,6.181818181818182,128
16,7,199,128,5.634658605535421,2.0,22.666666666666668,5.152882102642098,2.9565217391304346,6.181818181818182,3.225296442687747,20.666666666666668,3.090909090909091,37
16,8,200,128,6.409496753246755,3.090909090909091,9.714285714285715,1.077902931565016,6.181818181818182,6.181818181818182,0.0,6.6233766233766245,6.181818181818182,110
16,9,201,128,6.239772727272728,6.181818181818182,13.6,0.6531145581236555,6.181818181818182,6.181818181818182,0.0,7.418181818181818,6.181818181818182,127
16,10,202,128,3.4632134829401844,2.0,22.666666666666668,1.9760456589527526,2.9565217391304346,3.238095238095238,0.28157349896480355,20.666666666666668,2.9565217391304346,48
16,11,203,128,5.343297318689781,2.0,11.333333333333334,2.564148150778747,3.090909090909091,6.8,3.709090909090909,9.333333333333334,3.090909090909091,32
17,0,204,128,6.050605787758272,2.0,11.333333333333334,3.0831677239872413,3.090909090909091,9.714285714285715,6.6233766233766245,9.333333333333334,9.714285714285715,43
17,1,205,128,6.1818181818181825,6.181818181818182,6.181818181818182,8.881784197001252e-16,6.181818181818182,6.181818181818182,0.0,0.0,6.181818181818182,128
17,2,206,128,6.1818181818181825,6.181818181818182,6.181818181818182,8.881784197001252e-16,6.181818181818182,6.181818181818182,0.0,0.0,6.181818181818182,128
17,3,207,128,6.1818181818181825,6.181818181818182,6.181818181818182,8.881784197001252e-16,6.181818181818182,6.181818181818182,0.0,0.0,6.181818181818182,128
17,4,208,128,6.186647727272728,6.181818181818182,6.8,0.0544262131769713,6.181818181818182,6.181818181818182,0.0,0.6181818181818182,6.181818181818182,127
17,5,209,128,6.1818181818181825,6.181818181818182,6.181818181818182,8.881784197001252e-16,6.181818181818182,6.181818181818182,0.0,0.0,6.181818181818182,128
17,6,210,128,6.527235333380584,2.0,9.714285714285715,3.250805665836817,3.090909090909091,9.714285714285715,6.6233766233766245,7.714285714285715,9.714285714285715,56
17,7,211,128,6.240909090909092,2.0,13.6,0.7641637789058935,6.181818181818182,6.181818181818182,0.0,11.6,6.181818181818182,119
17,8,212,128,6.186647727272728,6.181818181818182,6.8,0.0544262131769713,6.181818181818182,6.181818181818182,0.0,0.6181818181818182,6.181818181818182,127
17,9,213,128,7.750500541125543,3.090909090909091,22.666666666666668,2.2166917654007885,6.181818181818182,9.714285714285715,3.5324675324675336,19.575757575757578,6.181818181818182,62
17,10,214,128,6.201136363636365,6.181818181818182,6.8,0.10755908428194356,6.181818181818182,6.181818181818182,0.0,0.6181818181818182,6.181818181818182,124
17,11,215,128,9.22149959415585,2.8333333333333335,9.714285714285715,1.6111448836970237,9.714285714285715,9.714285714285715,0.0,6.880952380952381,9.714285714285715,115
18,0,216,128,6.133522727272728,3.090909090909091,6.181818181818182,0.38333328654629006,6.181818181818182,6.181818181818182,0.0,3.090909090909091,6.181818181818182,126
18,1,217,128,6.522902688709248,2.0,11.333333333333334,3.0982589824616107,3.090909090909091,9.714285714285715,6.6233766233766245,9.333333333333334,9.714285714285715,54
18,2,218,128,7.562094443548797,2.0,22.666666666666668,4.022898591380349,3.238095238095238,9.714285714285715,6.476190476190477,20.666666666666668,9.714285714285715,52
18,3,219,128,7.321194436437854,2.0,11.333333333333334,3.0455770208890285,3.090909090909091,9.714285714285715,6.6233766233766245,9.333333333333334,9.714285714285715,68
18,4,220,128,6.832714420995671,2.0606060606060606,17.0,2.6585386122431687,6.181818181818182,6.8,0.6181818181818182,14.93939393939394,6.181818181818182,55
18,5,221,128,5.500996277463373,2.0,22.666666666666668,4.213069766226007,3.090909090909091,8.5,5.409090909090909,20.666666666666668,3.090909090909091,35
18,6,222,128,7.687715831610028,2.0,22.666666666666668,3.2684603050749317,3.7280701754385963,9.714285714285715,5.986215538847119,20.666666666666668,9.714285714285715,69
18,7,223,128,7.462196058975069,2.0,22.666666666666668,4.578017115979654,3.090909090909091,9.714285714285715,6.6233766233766245,20.666666666666668,9.714285714285715,43
18,8,224,128,6.816867216244733,2.0,11.333333333333334,3.177096849147388,3.090909090909091,9.714285714285715,6.6233766233766245,9.333333333333334,9.714285714285715,58
18,9,225,128,8.202063041125545,3.090909090909091,9.714285714285715,2.1735646433574365,6.181818181818182,9.714285714285715,3.5324675324675336,6.6233766233766245,9.714285714285715,82
18,10,226,128,8.352982416789448,2.72,22.666666666666668,3.4963709227403363,8.075,9.714285714285715,1.639285714285716,19.94666666666667,9.714285714285715,80
18,11,227,128,5.210626237732319,2.0,11.333333333333334,2.6427600603906454,3.090909090909091,6.8,3.709090909090909,9.333333333333334,3.090909090909091,52
19,0,228,128,5.96410533910534,2.428571428571429,9.714285714285715,1.7307873223869112,6.181818181818182,6.181818181818182,0.0,7.2857142857142865,6.181818181818182,74
19,1,229,128,7.022061011904762,2.0,13.6,2.3418099731440667,6.181818181818182,6.8,0.6181818181818182,11.6,6.181818181818182,87
19,2,230,128,6.1818181818181825,6.181818181818182,6.181818181818182,8.881784197001252e-16,6.181818181818182,6.181818181818182,0.0,0.0,6.181818181818182,128
19,3,231,128,6.027791100430367,2.0,17.0,2.49989533059063,5.056410256410256,6.8,1.7435897435897436,15.0,6.181818181818182,60
19,4,232,128,6.378162202380954,3.090909090909091,22.666666666666668,2.1996391653501752,6.181818181818182,6.181818181818182,0.0,19.575757575757578,6.181818181818182,107
19,5,233,128,6.186647727272728,6.181818181818182,6.8,0.0544262131769713,6.181818181818182,6.181818181818182,0.0,0.6181818181818182,6.181818181818182,127
19,6,234,128,5.9233952245671,2.0,13.6,1.4519875810263598,6.181818181818182,6.181818181818182,0.0,11.6,6.181818181818182,100
19,7,235,128,6.010759943181819,2.0,6.8,0.8493247540260691,6.181818181818182,6.181818181818182,0.0,4.8,6.181818181818182,119
19,8,236,128,4.053389995699064,2.9565217391304346,9.714285714285715,2.149723183003189,3.090909090909091,3.090909090909091,0.0,6.757763975155281,3.090909090909091,87
19,9,237,128,7.637620091896409,2.0,17.0,2.7372000626837947,6.181818181818182,9.714285714285715,3.5324675324675336,15.0,6.181818181818182,60
19,10,238,128,6.1818181818181825,6.181818181818182,6.181818181818182,8.881784197001252e-16,6.181818181818182,6.181818181818182,0.0,0.0,6.181818181818182,128
19,11,239,128,6.069044237012987,2.0,9.714285714285715,0.9923370457149279,6.181818181818182,6.181818181818182,0.0,7.714285714285715,6.181818181818182,115
20,0,240,128,5.836236810064936,2.0,9.714285714285715,1.9530986842602902,6.181818181818182,6.181818181818182,0.0,7.714285714285715,6.181818181818182,92
20,1,241,128,6.1818181818181825,6.181818181818182,6.181818181818182,8.881784197001252e-16,6.181818181818182,6.181818181818182,0.0,0.0,6.181818181818182,128
20,2,242,128,6.1818181818181825,6.181818181818182,6.181818181818182,8.881784197001252e-16,6.181818181818182,6.181818181818182,0.0,0.0,6.181818181818182,128
20,3,243,128,6.1818181818181825,6.181818181818182,6.181818181818182,8.881784197001252e-16,6.181818181818182,6.181818181818182,0.0,0.0,6.181818181818182,128
20,4,244,128,6.968230449440673,2.125,22.666666666666668,3.487600098536847,6.181818181818182,8.5,2.3181818181818183,20.541666666666668,6.181818181818182,52
20,5,245,128,6.1818181818181825,6.181818181818182,6.181818181818182,8.881784197001252e-16,6.181818181818182,6.181818181818182,0.0,0.0,6.181818181818182,128
20,6,246,128,5.886224972943724,2.0,9.714285714285715,1.2905134933576663,6.181818181818182,6.181818181818182,0.0,7.714285714285715,6.181818181818182,104
20,7,247,128,6.1818181818181825,6.181818181818182,6.181818181818182,8.881784197001252e-16,6.181818181818182,6.181818181818182,0.0,0.0,6.181818181818182,128
20,8,248,128,6.26461038961039,6.181818181818182,9.714285714285715,0.5344214032916079,6.181818181818182,6.181818181818182,0.0,3.5324675324675336,6.181818181818182,125
20,9,249,128,6.1818181818181825,6.181818181818182,6.181818181818182,8.881784197001252e-16,6.181818181818182,6.181818181818182,0.0,0.0,6.181818181818182,128
20,10,250,128,8.806158685064936,3.090909090909091,22.666666666666668,4.2765604790858305,6.181818181818182,9.714285714285715,3.5324675324675336,19.575757575757578,9.714285714285715,55
20,11,251,128,6.1818181818181825,6.181818181818182,6.181818181818182,8.881784197001252e-16,6.181818181818182,6.181818181818182,0.0,0.0,6.181818181818182,128
21,0,252,128,6.1818181818181825,6.181818181818182,6.181818181818182,8.881784197001252e-16,6.181818181818182,6.181818181818182,0.0,0.0,6.181818181818182,128
21,1,253,128,9.29457521645022,3.090909090909091,9.714285714285715,1.4360187150133268,9.714285714285715,9.714285714285715,0.0,6.6233766233766245,9.714285714285715,117
21,2,254,128,9.000837053571432,2.0,9.714285714285715,2.218247889990186,9.714285714285715,9.714285714285715,0.0,7.714285714285715,9.714285714285715,116
21,3,255,128,6.1818181818181825,6.181818181818182,6.181818181818182,8.881784197001252e-16,6.181818181818182,6.181818181818182,0.0,0.0,6.181818181818182,128
21,4,256,128,9.376734983766237,3.090909090909091,9.714285714285715,1.2564826527617712,9.714285714285715,9.714285714285715,0.0,6.6233766233766245,9.714285714285715,117
21,5,257,128,6.1818181818181825,6.181818181818182,6.181818181818182,8.881784197001252e-16,6.181818181818182,6.181818181818182,0.0,0.0,6.181818181818182,128
21,6,258,128,8.671668731606879,2.428571428571429,22.666666666666668,2.549827585930763,8.5,9.714285714285715,1.2142857142857153,20.23809523809524,9.714285714285715,90
21,7,259,128,6.163649891774893,3.238095238095238,6.8,0.2652446162279826,6.181818181818182,6.181818181818182,0.0,3.5619047619047617,6.181818181818182,126
21,8,260,128,6.1818181818181825,6.181818181818182,6.181818181818182,8.881784197001252e-16,6.181818181818182,6.181818181818182,0.0,0.0,6.181818181818182,128
21,9,261,128,6.1818181818181825,6.181818181818182,6.181818181818182,8.881784197001252e-16,6.181818181818182,6.181818181818182,0.0,0.0,6.181818181818182,128
21,10,262,128,6.1818181818181825,6.181818181818182,6.181818181818182,8.881784197001252e-16,6.181818181818182,6.181818181818182,0.0,0.0,6.181818181818182,128
21,11,263,128,6.1818181818181825,6.181818181818182,6.181818181818182,8.881784197001252e-16,6.181818181818182,6.181818181818182,0.0,0.0,6.181818181818182,128
22,0,264,128,7.459802141886101,2.0,22.666666666666668,5.532812436688767,3.090909090909091,9.714285714285715,6.6233766233766245,20.666666666666668,3.090909090909091,27
22,1,265,128,14.423853085886034,2.125,22.666666666666668,8.030351283129374,8.5,22.666666666666668,14.166666666666668,20.541666666666668,22.666666666666668,60
22,2,266,128,8.282612959956714,3.090909090909091,9.714285714285715,2.2184466754656342,6.181818181818182,9.714285714285715,3.5324675324675336,6.6233766233766245,9.714285714285715,86
22,3,267,128,7.149288627840187,2.0,22.666666666666668,5.064294499372987,3.090909090909091,9.714285714285715,6.6233766233766245,20.666666666666668,3.090909090909091,38
22,4,268,128,9.567243784295417,2.9565217391304346,22.666666666666668,2.7670756700468213,9.714285714285715,9.714285714285715,0.0,19.710144927536234,9.714285714285715,95
22,5,269,128,7.252778843853914,2.125,22.666666666666668,3.518774600501156,3.090909090909091,9.714285714285715,6.6233766233766245,20.541666666666668,9.714285714285715,56
22,6,270,128,9.36419032733571,2.0,22.666666666666668,5.169560423111121,6.8,9.714285714285715,2.9142857142857155,20.666666666666668,9.714285714285715,52
22,7,271,128,6.1818181818181825,6.181818181818182,6.181818181818182,8.881784197001252e-16,6.181818181818182,6.181818181818182,0.0,0.0,6.181818181818182,128
22,8,272,128,8.753046024589846,2.0,13.6,2.5969168281532826,9.714285714285715,9.714285714285715,0.0,11.6,9.714285714285715,98
22,9,273,128,6.145890952989692,2.0,9.714285714285715,2.9457046878592887,3.238095238095238,9.714285714285715,6.476190476190477,7.714285714285715,9.714285714285715,47
22,10,274,128,6.789479335768398,2.0,22.666666666666668,2.2720005834472787,6.181818181818182,6.8,0.6181818181818182,20.666666666666668,6.8,63
22,11,275,128,6.1818181818181825,6.181818181818182,6.181818181818182,8.881784197001252e-16,6.181818181818182,6.181818181818182,0.0,0.0,6.181818181818182,128
23,0,276,128,7.896805104617605,3.090909090909091,13.6,3.1336654262571515,6.181818181818182,6.8,0.6181818181818182,10.509090909090908,6.181818181818182,84
23,1,277,128,6.1818181818181825,6.181818181818182,6.181818181818182,8.881784197001252e-16,6.181818181818182,6.181818181818182,0.0,0.0,6.181818181818182,128
23,2,278,128,3.5439638166824596,2.0,13.6,1.6409389003797443,2.9565217391304346,3.2785714285714285,0.3220496894409939,11.6,2.9565217391304346,42
23,3,279,128,6.246388868241076,2.125,17.0,2.985717756482572,3.090909090909091,9.714285714285715,6.6233766233766245,14.875,3.090909090909091,43
23,4,280,128,5.078678894102911,2.0,9.714285714285715,1.8714021392281122,3.090909090909091,6.181818181818182,3.090909090909091,7.714285714285715,6.181818181818182,50
23,5,281,128,6.943407464365347,2.9565217391304346,11.333333333333334,3.041266689864559,3.090909090909091,9.714285714285715,6.6233766233766245,8.376811594202898,9.714285714285715,61
23,6,282,128,9.437272263690991,2.0,22.666666666666668,4.963414086243064,8.5,9.714285714285715,1.2142857142857153,20.666666666666668,9.714285714285715,73
23,7,283,128,6.1818181818181825,6.181818181818182,6.181818181818182,8.881784197001252e-16,6.181818181818182,6.181818181818182,0.0,0.0,6.181818181818182,128
23,8,284,128,4.710161105779999,2.0,17.0,3.185074915867859,3.090909090909091,5.666666666666667,2.575757575757576,15.0,3.090909090909091,45
23,9,285,128,6.537825636772649,2.9565217391304346,22.666666666666668,3.2074506420694298,3.090909090909091,8.5,5.409090909090909,19.710144927536234,6.181818181818182,38
23,10,286,128,6.1818181818181825,6.181818181818182,6.181818181818182,8.881784197001252e-16,6.181818181818182,6.181818181818182,0.0,0.0,6.181818181818182,128
23,11,287,128,7.15885957518359,2.428571428571429,9.714285714285715,2.7707070073157465,3.5342105263157895,9.714285714285715,6.180075187969926,7.2857142857142865,9.714285714285715,60
24,0,288,128,9.182001252823268,2.0,9.714285714285715,1.808187214458756,9.714285714285715,9.714285714285715,0.0,7.714285714285715,9.714285714285715,117
24,1,289,128,9.084838114307512,2.9565217391304346,34.0,3.183189354389837,9.714285714285715,9.714285714285715,0.0,31.043478260869566,9.714285714285715,93
24,2,290,128,6.1818181818181825,6.181818181818182,6.181818181818182,8.881784197001252e-16,6.181818181818182,6.181818181818182,0.0,0.0,6.181818181818182,128
24,3,291,128,6.136972402597404,3.090909090909091,9.714285714285715,1.2644789490556525,6.181818181818182,6.181818181818182,0.0,6.6233766233766245,6.181818181818182,109
24,4,292,128,5.564494099650351,2.0,9.714285714285715,1.7812561808207317,3.3595238095238096,6.181818181818182,2.822294372294372,7.714285714285715,6.181818181818182,69
24,5,293,128,6.270934794372296,3.090909090909091,9.714285714285715,1.0975585798086163,6.181818181818182,6.181818181818182,0.0,6.6233766233766245,6.181818181818182,112
24,6,294,128,6.182954545454546,2.0,6.8,0.3968870996073199,6.181818181818182,6.181818181818182,0.0,4.8,6.181818181818182,120
24,7,295,128,7.317789837629478,2.0,9.714285714285715,2.9265937563629505,3.4,9.714285714285715,6.314285714285715,7.714285714285715,9.714285714285715,73
24,8,296,128,6.0921266233766245,3.090909090909091,9.714285714285715,0.7967181811457806,6.181818181818182,6.181818181818182,0.0,6.6233766233766245,6.181818181818182,120
24,9,297,128,9.30669330669331,3.090909090909091,9.714285714285715,1.3952584656192026,9.714285714285715,9.714285714285715,0.0,6.6233766233766245,9.714285714285715,117
24,10,298,128,7.39910967938312,2.125,9.714285714285715,2.3063720820815345,6.181818181818182,9.714285714285715,3.5324675324675336,7.589285714285715,9.714285714285715,54
24,11,299,128,6.787104095420298,2.0,9.714285714285715,2.645824499359993,3.7280701754385963,9.714285714285715,5.986215538847119,7.714285714285715,9.714285714285715,49
25,0,300,128,5.029574016991781,2.0606060606060606,9.714285714285715,2.0587241120406956,3.090909090909091,6.181818181818182,3.090909090909091,7.653679653679655,6.181818181818182,56
25,1,301,128,9.02672985016062,2.125,9.714285714285715,2.0059736611673826,9.714285714285715,9.714285714285715,0.0,7.589285714285715,9.714285714285715,113
25,2,302,128,8.182820510082026,2.8333333333333335,9.714285714285715,2.322761572844421,6.181818181818182,9.714285714285715,3.5324675324675336,6.880952380952381,9.714285714285715,85
25,3,303,128,5.954887454587112,2.0,9.714285714285715,2.083105324072424,3.493734335839599,6.8,3.3062656641604007,7.714285714285715,6.181818181818182,48
25,4,304,128,5.94008678321107,2.0606060606060606,13.6,3.0188653983218163,3.090909090909091,9.714285714285715,6.6233766233766245,11.539393939393939,3.090909090909091,45
25,5,305,128,3.776414103131741,2.0,11.333333333333334,1.576843627982798,3.090909090909091,3.238095238095238,0.1471861471861473,9.333333333333334,3.090909090909091,75
25,6,306,128,6.1818181818181825,6.181818181818182,6.181818181818182,8.881784197001252e-16,6.181818181818182,6.181818181818182,0.0,0.0,6.181818181818182,128
25,7,307,128,6.1818181818181825,6.181818181818182,6.181818181818182,8.881784197001252e-16,6.181818181818182,6.181818181818182,0.0,0.0,6.181818181818182,128
25,8,308,128,4.457128048661231,2.0,9.714285714285715,1.999232945579483,3.090909090909091,6.181818181818182,3.090909090909091,7.714285714285715,3.090909090909091,68
25,9,309,128,6.1818181818181825,6.181818181818182,6.181818181818182,8.881784197001252e-16,6.181818181818182,6.181818181818182,0.0,0.0,6.181818181818182,128
25,10,310,128,6.759408820346321,3.090909090909091,22.666666666666668,2.6908017877819397,6.181818181818182,6.181818181818182,0.0,19.575757575757578,6.181818181818182,102
25,11,311,128,6.185267857142858,3.090909090909091,9.714285714285715,0.4148655904603084,6.181818181818182,6.181818181818182,0.0,6.6233766233766245,6.181818181818182,126
26,0,312,128,6.126494013798702,2.125,17.0,1.4241471640376477,6.181818181818182,6.181818181818182,0.0,14.875,6.181818181818182,112
26,1,313,128,6.104863886113888,3.090909090909091,9.714285714285715,0.7453584652015214,6.181818181818182,6.181818181818182,0.0,6.6233766233766245,6.181818181818182,119
26,2,314,128,6.009334415584416,2.0606060606060606,9.714285714285715,0.8461422193380772,6.181818181818182,6.181818181818182,0.0,7.653679653679655,6.181818181818182,119
26,3,315,128,9.610795454545459,3.090909090909091,9.714285714285715,0.8214284711706217,9.714285714285715,9.714285714285715,0.0,6.6233766233766245,9.714285714285715,126
26,4,316,128,6.1818181818181825,6.181818181818182,6.181818181818182,8.881784197001252e-16,6.181818181818182,6.181818181818182,0.0,0.0,6.181818181818182,128
26,5,317,128,6.157670454545455,3.090909090909091,6.181818181818182,0.27213106588485636,6.181818181818182,6.181818181818182,0.0,3.090909090909091,6.181818181818182,127
26,6,318,128,6.839688426648218,2.0,9.714285714285715,3.2384660043106726,3.238095238095238,9.714285714285715,6.476190476190477,7.714285714285715,9.714285714285715,61
26,7,319,128,6.1818181818181825,6.181818181818182,6.181818181818182,8.881784197001252e-16,6.181818181818182,6.181818181818182,0.0,0.0,6.181818181818182,128
26,8,320,128,6.943298494507021,2.0,9.714285714285715,3.039910080864067,3.238095238095238,9.714285714285715,6.476190476190477,7.714285714285715,9.714285714285715,64
26,9,321,128,4.525851918637626,2.0,11.333333333333334,2.3603003870794304,3.090909090909091,6.181818181818182,3.090909090909091,9.333333333333334,3.090909090909091,48
26,10,322,128,6.209415584415586,6.181818181818182,9.714285714285715,0.3110069324398361,6.181818181818182,6.181818181818182,0.0,3.5324675324675336,6.181818181818182,127
26,11,323,128,4.1377545180774975,2.0,17.0,2.5198921943267942,2.9565217391304346,3.628654970760234,0.6721332316297994,15.0,3.090909090909091,38
27,0,324,128,6.086147186147187,3.090909090909091,9.714285714285715,0.7309092755147959,6.181818181818182,6.181818181818182,0.0,6.6233766233766245,6.181818181818182,117
27,1,325,128,6.232413419913421,3.238095238095238,6.8,0.4388044868795529,6.181818181818182,6.181818181818182,0.0,3.5619047619047617,6.181818181818182,106
27,2,326,128,4.9095530543104555,2.0606060606060606,9.714285714285715,1.76809426721826,3.090909090909091,6.181818181818182,3.090909090909091,7.653679653679655,6.181818181818182,51
27,3,327,128,6.209415584415586,6.181818181818182,9.714285714285715,0.3110069324398361,6.181818181818182,6.181818181818182,0.0,3.5324675324675336,6.181818181818182,127
27,4,328,128,6.133839989079459,2.125,13.6,4.1478471581534055,3.090909090909091,8.095238095238095,5.004329004329004,11.475,3.090909090909091,60
27,5,329,128,7.861865564990568,2.0,11.333333333333334,2.1453032691336724,6.181818181818182,9.714285714285715,3.5324675324675336,9.333333333333334,9.714285714285715,67
27,6,330,128,6.1818181818181825,6.181818181818182,6.181818181818182,8.881784197001252e-16,6.181818181818182,6.181818181818182,0.0,0.0,6.181818181818182,128
27,7,331,128,6.1818181818181825,6.181818181818182,6.181818181818182,8.881784197001252e-16,6.181818181818182,6.181818181818182,0.0,0.0,6.181818181818182,128
27,8,332,128,3.8539585814940693,2.0,9.714285714285715,1.5915229037333487,3.090909090909091,3.5789473684210527,0.4880382775119618,7.714285714285715,3.090909090909091,62
27,9,333,128,6.1818181818181825,6.181818181818182,6.181818181818182,8.881784197001252e-16,6.181818181818182,6.181818181818182,0.0,0.0,6.181818181818182,128
27,10,334,128,6.158820346320347,3.238095238095238,6.181818181818182,0.25917244369986325,6.181818181818182,6.181818181818182,0.0,2.9437229437229435,6.181818181818182,127
27,11,335,128,6.1818181818181825,6.181818181818182,6.181818181818182,8.881784197001252e-16,6.181818181818182,6.181818181818182,0.0,0.0,6.181818181818182,128
28,0,336,128,6.209415584415586,6.181818181818182,9.714285714285715,0.3110069324398361,6.181818181818182,6.181818181818182,0.0,3.5324675324675336,6.181818181818182,127
28,1,337,128,6.1818181818181825,6.181818181818182,6.181818181818182,8.881784197001252e-16,6.181818181818182,6.181818181818182,0.0,0.0,6.181818181818182,128
28,2,338,128,11.88589466089466,6.181818181818182,34.0,6.8891472202009245,6.181818181818182,13.6,7.418181818181818,27.81818181818182,13.6,54
28,3,339,128,5.839150432900434,3.090909090909091,9.714285714285715,1.7687339096925712,6.181818181818182,6.181818181818182,0.0,6.6233766233766245,6.181818181818182,88
28,4,340,128,5.632173327403591,3.090909090909091,6.181818181818182,1.1120458672144833,6.181818181818182,6.181818181818182,0.0,3.090909090909091,6.181818181818182,101
28,5,341,128,6.1818181818181825,6.181818181818182,6.181818181818182,8.881784197001252e-16,6.181818181818182,6.181818181818182,0.0,0.0,6.181818181818182,128
28,6,342,128,6.1818181818181825,6.181818181818182,6.181818181818182,8.881784197001252e-16,6.181818181818182,6.181818181818182,0.0,0.0,6.181818181818182,128
28,7,343,128,6.267830086580088,3.090909090909091,9.714285714285715,0.841994572306399,6.181818181818182,6.181818181818182,0.0,6.6233766233766245,6.181818181818182,116
28,8,344,128,6.1818181818181825,6.181818181818182,6.181818181818182,8.881784197001252e-16,6.181818181818182,6.181818181818182,0.0,0.0,6.181818181818182,128
28,9,345,128,5.13756653712551,2.0,9.714285714285715,2.218180999835748,3.090909090909091,6.181818181818182,3.090909090909091,7.714285714285715,6.181818181818182,48
28,10,346,128,6.1818181818181825,6.181818181818182,6.181818181818182,8.881784197001252e-16,6.181818181818182,6.181818181818182,0.0,0.0,6.181818181818182,128
28,11,347,128,6.1818181818181825,6.181818181818182,6.181818181818182,8.881784197001252e-16,6.181818181818182,6.181818181818182,0.0,0.0,6.181818181818182,128
29,0,348,128,6.1818181818181825,6.181818181818182,6.181818181818182,8.881784197001252e-16,6.181818181818182,6.181818181818182,0.0,0.0,6.181818181818182,128
29,1,349,128,9.311708603896108,6.181818181818182,13.6,1.2005139261005862,9.714285714285715,9.714285714285715,0.0,7.418181818181818,9.714285714285715,110
29,2,350,128,6.1818181818181825,6.181818181818182,6.181818181818182,8.881784197001252e-16,6.181818181818182,6.181818181818182,0.0,0.0,6.181818181818182,128
29,3,351,128,6.452962662337663,3.090909090909091,34.0,2.8090406114622346,6.181818181818182,6.181818181818182,0.0,30.90909090909091,6.181818181818182,104
29,4,352,128,6.292207792207794,6.181818181818182,9.714285714285715,0.6146233387539639,6.181818181818182,6.181818181818182,0.0,3.5324675324675336,6.181818181818182,124
29,5,353,128,9.714285714285719,9.714285714285715,9.714285714285715,3.552713678800501e-15,9.714285714285715,9.714285714285715,0.0,0.0,9.714285714285715,128
29,6,354,128,9.075238248593514,3.090909090909091,34.0,4.254893870207038,6.181818181818182,9.714285714285715,3.5324675324675336,30.90909090909091,9.714285714285715,83
29,7,355,128,6.1818181818181825,6.181818181818182,6.181818181818182,8.881784197001252e-16,6.181818181818182,6.181818181818182,0.0,0.0,6.181818181818182,128
29,8,356,128,6.899350649350651,3.090909090909091,17.0,2.154533657144611,6.181818181818182,6.8,0.6181818181818182,13.90909090909091,6.181818181818182,88
29,9,357,128,6.1818181818181825,6.181818181818182,6.181818181818182,8.881784197001252e-16,6.181818181818182,6.181818181818182,0.0,0.0,6.181818181818182,128
29,10,358,128,6.1818181818181825,6.181818181818182,6.181818181818182,8.881784197001252e-16,6.181818181818182,6.181818181818182,0.0,0.0,6.181818181818182,128
29,11,359,128,5.656328437187813,2.0,9.714285714285715,1.1605765329760391,6.181818181818182,6.181818181818182,0.0,7.714285714285715,6.181818181818182,96
