layer,head,head_index,A_icc,A_var_target,A_var_error,B_icc,B_var_target,B_var_error,C_icc,C_var_target,C_var_error,A128_icc,A128_var_target,A128_var_error
0,0,0,0.959006,0.651817,0.0278626,0.967003,0.641758,0.0218985,0.955710,0.643335,0.0298134,0.962055,0.651716,0.025705
0,1,1,0.997103,1.75878,0.0051103,0.998573,1.78088,0.00254454,0.996966,1.74854,0.00532134,0.997444,1.76282,0.00451726
0,2,2,0.517893,0.0356059,0.0331455,0.439497,0.0265738,0.0338903,0.529012,0.0395414,0.0352044,0.484052,0.03314,0.0353237
0,3,3,0.137094,0.00254223,0.0160015,0.100445,0.00154464,0.0138333,0.146023,0.00266554,0.0155888,0.123290,0.00246071,0.0174981
0,4,4,0.998124,12.1154,0.0227725,0.999147,12.0755,0.0103102,0.998080,12.0183,0.0231167,0.998197,12.159,0.0219593
0,5,5,0.998683,14.2368,0.0187693,0.999424,14.4841,0.00834479,0.998724,14.1402,0.0180593,0.998786,14.2928,0.0173686
0,6,6,0.992225,8.68917,0.068092,0.997818,8.74019,0.0191152,0.992897,8.66344,0.0619793,0.993398,8.67211,0.0576337
0,7,7,0.992498,1.85476,0.0140204,0.996635,1.81512,0.00612863,0.992781,1.85652,0.0135006,0.993657,1.85364,0.0118318
0,8,8,0.482392,0.00456294,0.00489605,0.404691,0.0033379,0.00491012,0.473346,0.00482784,0.00537155,0.483731,0.00440851,0.00470505
0,9,9,0.929866,0.27629,0.0208388,0.929505,0.263804,0.0200071,0.935775,0.282768,0.0194073,0.929057,0.272966,0.0208437
0,10,10,0.992030,9.3883,0.0754236,0.993132,8.7173,0.060281,0.991859,9.57761,0.0786091,0.992760,9.34392,0.0681417
0,11,11,0.996561,7.63495,0.0263476,0.998068,7.76483,0.0150323,0.996389,7.48189,0.0271153,0.996725,7.71458,0.025351
1,0,12,0.523939,1.2378,1.12468,0.839409,4.21446,0.806287,0.432765,0.899574,1.17909,0.557764,1.77083,1.40404
1,1,13,0.944193,22.2078,1.3126,0.961923,14.963,0.592301,0.949432,24.715,1.31634,0.937263,20.2682,1.35668
1,2,14,0.695880,2.3395,1.02243,0.894673,5.79203,0.68188,0.596206,1.54516,1.0465,0.715848,3.24232,1.28702
1,3,15,0.645093,1.62981,0.896662,0.884530,4.93151,0.643782,0.562761,1.17396,0.912108,0.677433,2.19589,1.0456
1,4,16,0.874716,5.13446,0.735399,0.960479,8.56948,0.352614,0.846121,4.30835,0.783534,0.886955,5.73862,0.731406
1,5,17,0.731011,0.426656,0.156996,0.891225,0.357619,0.0436477,0.716689,0.433746,0.171462,0.753008,0.41275,0.135385
1,6,18,0.922611,2.0816,0.174605,0.970307,2.5062,0.0766945,0.918942,1.94073,0.171187,0.933098,2.17563,0.15599
1,7,19,0.629909,1.38565,0.814113,0.709590,1.41052,0.577276,0.601472,1.32198,0.875929,0.640001,1.43307,0.806096
1,8,20,0.961967,11.2682,0.445505,0.982062,10.3445,0.188952,0.959483,11.3259,0.478273,0.964655,11.2509,0.412236
1,9,21,0.912588,2.5386,0.24316,0.974995,3.77841,0.0969014,0.903655,2.28292,0.243398,0.922451,2.80211,0.235569
1,10,22,0.719433,0.267145,0.104182,0.895686,0.563712,0.0656514,0.680495,0.220239,0.103406,0.738794,0.320993,0.113489
1,11,23,0.853171,1.60347,0.275954,0.912148,1.93012,0.185896,0.857435,1.45954,0.242675,0.859184,1.68636,0.276385
2,0,24,0.608429,0.5246,0.337621,0.681992,0.723336,0.337287,0.599604,0.454606,0.303572,0.622765,0.591717,0.358428
2,1,25,0.807172,0.476095,0.113736,0.928695,0.800224,0.0614411,0.798357,0.427826,0.108057,0.825259,0.511052,0.108211
2,2,26,0.779488,0.507425,0.143547,0.858942,0.469015,0.0770229,0.778848,0.530951,0.150762,0.785209,0.501839,0.137276
2,3,27,0.937835,13.6018,0.901599,0.986901,23.0555,0.306021,0.927735,11.4076,0.888585,0.943702,15.4309,0.920559
2,4,28,0.922211,14.585,1.23025,0.981024,21.2962,0.41194,0.918533,12.8301,1.13794,0.935940,16.1078,1.10249
2,5,29,0.915817,4.04622,0.371934,0.972407,5.04165,0.143063,0.909623,3.93481,0.390947,0.928476,4.31021,0.332032
2,6,30,0.764392,0.636477,0.196181,0.859342,0.912227,0.149315,0.788853,0.566833,0.15172,0.778508,0.685604,0.19506
2,7,31,0.908285,10.0887,1.01871,0.980829,19.6668,0.384404,0.891015,7.81179,0.955503,0.913463,11.9821,1.13513
2,8,32,0.905791,8.25764,0.858855,0.980199,14.8171,0.299314,0.890609,6.75365,0.829531,0.912345,9.65704,0.92782
2,9,33,0.835354,1.38437,0.272856,0.939277,1.56514,0.101183,0.837198,1.38282,0.268904,0.857131,1.3884,0.231423
2,10,34,0.792701,5.83086,1.52482,0.907039,7.68038,0.787152,0.800405,6.12712,1.52791,0.816316,5.57794,1.25512
2,11,35,0.895238,11.5866,1.35587,0.972945,20.5993,0.572809,0.863648,8.72434,1.37739,0.894106,13.9302,1.64983
3,0,36,0.931419,31.9589,2.35315,0.974864,32.8115,0.846031,0.924391,29.3906,2.40397,0.943537,33.1159,1.98173
3,1,37,0.903837,1.13329,0.120575,0.960214,1.82364,0.075562,0.898341,0.97966,0.110862,0.908450,1.29423,0.130427
3,2,38,0.906200,9.45589,0.978766,0.967594,11.5426,0.386574,0.905311,9.58262,1.00227,0.920070,9.49167,0.824577
3,3,39,0.714264,0.376957,0.150799,0.846164,0.432581,0.0786447,0.649856,0.365082,0.196707,0.737030,0.40498,0.144495
3,4,40,0.970330,19.5681,0.598348,0.983640,19.0153,0.316273,0.968567,20.7899,0.674692,0.972544,18.7467,0.529235
3,5,41,0.777604,0.89982,0.25735,0.901469,1.28752,0.140727,0.764716,0.809873,0.249177,0.789407,0.980196,0.261491
3,6,42,0.738142,1.08174,0.38375,0.841545,1.20627,0.227129,0.750616,1.04869,0.348416,0.742915,1.10788,0.383379
3,7,43,0.961822,37.0854,1.47203,0.987117,45.2949,0.591157,0.960885,34.9914,1.42442,0.968828,38.1595,1.2278
3,8,44,0.764322,1.17006,0.360786,0.888196,1.80139,0.226755,0.745862,0.954943,0.325378,0.779542,1.31604,0.372184
3,9,45,0.635978,0.639994,0.36632,0.800314,0.795608,0.198512,0.627381,0.589466,0.3501,0.651669,0.6935,0.37069
3,10,46,0.753106,0.291784,0.0956567,0.905814,0.484711,0.0503998,0.713102,0.261578,0.105239,0.769474,0.329476,0.0987071
3,11,47,0.886858,0.821345,0.104784,0.948618,1.33046,0.0720642,0.880614,0.71178,0.0964967,0.898509,0.918559,0.103755
4,0,48,0.880308,3.74221,0.508811,0.942230,4.92092,0.301709,0.863155,3.2731,0.518918,0.872337,4.30056,0.629371
4,1,49,0.621578,0.864747,0.526465,0.824693,1.05902,0.225117,0.582401,0.807384,0.578919,0.647306,0.915788,0.49898
4,2,50,0.782303,1.79671,0.499982,0.893662,2.12845,0.253266,0.795347,1.89377,0.487291,0.783671,1.79335,0.495047
4,3,51,0.944909,25.4405,1.48325,0.978923,28.7412,0.618832,0.939639,23.8514,1.53217,0.952022,26.142,1.31745
4,4,52,0.828929,1.42384,0.293848,0.929631,2.19662,0.166275,0.840314,1.43463,0.272626,0.833246,1.47338,0.294861
4,5,53,0.912172,15.7064,1.51229,0.969518,19.9066,0.625866,0.903085,13.7749,1.47826,0.927726,17.2514,1.34395
4,6,54,0.801222,0.209284,0.0519222,0.889184,0.27773,0.0346127,0.776773,0.179189,0.0514948,0.820814,0.228646,0.049914
4,7,55,0.840844,0.538614,0.101949,0.934462,0.801426,0.0562078,0.810678,0.482207,0.112613,0.855584,0.593634,0.100201
4,8,56,0.634151,0.363743,0.209847,0.791460,0.432679,0.114005,0.611119,0.364991,0.232259,0.667387,0.357625,0.178234
4,9,57,0.589855,0.364976,0.25378,0.719150,0.440037,0.171848,0.574488,0.340072,0.251885,0.636389,0.395863,0.226182
4,10,58,0.872669,0.942937,0.137584,0.923653,1.38467,0.114453,0.861576,0.833419,0.1339,0.882884,1.05656,0.140154
4,11,59,0.838333,1.22846,0.2369,0.892786,1.66558,0.200018,0.829532,1.15404,0.237153,0.845299,1.27866,0.234012
5,0,60,0.904061,11.0084,1.16822,0.960698,15.9225,0.651387,0.902920,9.39222,1.00983,0.910711,12.2355,1.19961
5,1,61,0.942969,14.6161,0.883988,0.970326,18.9839,0.580561,0.931378,12.5977,0.928172,0.947624,16.1683,0.893632
5,2,62,0.971870,19.85,0.574544,0.985214,22.0684,0.331205,0.970030,19.8411,0.613014,0.975020,20.0643,0.514055
5,3,63,0.656588,0.0814928,0.0426229,0.835092,0.108615,0.0214484,0.639531,0.0840056,0.0473495,0.689906,0.0796824,0.035815
5,4,64,0.974010,12.6771,0.338268,0.991858,13.4016,0.110018,0.973657,11.9055,0.322107,0.978924,13.1475,0.283062
5,5,65,0.923943,1.44564,0.119002,0.969796,1.68738,0.0525526,0.914684,1.37851,0.128578,0.928150,1.49517,0.115744
5,6,66,0.950876,9.66012,0.499065,0.977497,12.6043,0.290162,0.942033,8.98401,0.55282,0.948520,10.4474,0.567023
5,7,67,0.898977,6.94817,0.780803,0.956735,8.75422,0.395879,0.899133,5.97252,0.670013,0.906218,7.78526,0.805672
5,8,68,0.678400,0.293512,0.139141,0.736402,0.304238,0.108903,0.728658,0.313091,0.11659,0.681390,0.274001,0.12812
5,9,69,0.942880,7.1241,0.431578,0.982723,7.72977,0.135898,0.934530,6.68982,0.468664,0.949190,7.53699,0.40345
5,10,70,0.937412,7.53318,0.502964,0.973631,9.8873,0.267784,0.928790,6.85726,0.525747,0.949587,8.02366,0.425972
5,11,71,0.947017,5.82756,0.326038,0.983971,7.74261,0.126127,0.942398,5.53809,0.338503,0.948343,6.23683,0.339723
6,0,72,0.828569,1.36529,0.282479,0.941123,2.4591,0.153843,0.833715,1.35239,0.269734,0.837176,1.48615,0.289045
6,1,73,0.737849,0.171771,0.0610288,0.771547,0.206514,0.0611483,0.745013,0.157526,0.0539146,0.717734,0.172015,0.0676491
6,2,74,0.893618,1.88896,0.224873,0.941555,2.1387,0.132756,0.866408,1.78437,0.275133,0.892166,2.01082,0.243043
6,3,75,0.785652,0.550639,0.15023,0.833299,0.822048,0.16445,0.769171,0.557327,0.167254,0.784388,0.557463,0.153236
6,4,76,0.682025,0.67531,0.314845,0.819166,0.970489,0.21424,0.635559,0.599758,0.343912,0.687956,0.72784,0.330134
6,5,77,0.744622,0.163113,0.055942,0.862312,0.263865,0.0421322,0.731571,0.148973,0.0546614,0.752117,0.185338,0.0610838
6,6,78,0.515021,0.0858894,0.0808793,0.591847,0.129441,0.0892661,0.497320,0.0867043,0.0876388,0.543745,0.0875169,0.0734352
6,7,79,0.855560,1.02491,0.173031,0.954803,1.7258,0.0816922,0.854219,1.03883,0.177287,0.869507,1.07802,0.161786
6,8,80,0.759070,0.529737,0.16814,0.825500,0.680939,0.143942,0.754968,0.492437,0.159825,0.746719,0.53999,0.18316
6,9,81,0.804466,1.7436,0.4238,0.933710,2.36674,0.16803,0.825071,1.82485,0.3869,0.808748,1.77565,0.419903
6,10,82,0.584345,0.431585,0.306994,0.714301,0.498965,0.199571,0.571688,0.409544,0.306833,0.594918,0.444386,0.302584
6,11,83,0.856533,18.9433,3.17295,0.951733,22.9644,1.16463,0.863885,16.9227,2.66636,0.855681,20.4265,3.44513
7,0,84,0.893856,9.35439,1.11082,0.960905,13.6132,0.553858,0.913184,9.48109,0.901362,0.907773,9.16936,0.931578
7,1,85,0.889263,2.53554,0.315742,0.955096,3.35957,0.157952,0.872525,2.29424,0.335187,0.897037,2.76142,0.316958
7,2,86,0.830844,1.18179,0.240607,0.935206,1.65344,0.114556,0.840306,0.971502,0.184626,0.837848,1.36665,0.264494
7,3,87,0.827678,10.9417,2.27806,0.939906,17.4309,1.11447,0.821046,8.87496,1.93437,0.831874,12.4842,2.52313
7,4,88,0.901601,2.75931,0.301145,0.968302,3.92487,0.128483,0.912878,2.75288,0.262726,0.912570,2.78334,0.266662
7,5,89,0.440889,0.232824,0.295254,0.682872,0.415485,0.192952,0.455606,0.206896,0.247215,0.465009,0.251325,0.289148
7,6,90,0.683892,0.584133,0.269998,0.735532,0.864026,0.31067,0.671180,0.594099,0.291056,0.695370,0.610946,0.267645
7,7,91,0.939749,2.62419,0.168248,0.971412,3.61463,0.106377,0.927620,2.44606,0.190861,0.937571,2.78123,0.18519
7,8,92,0.810216,12.0461,2.82168,0.943810,14.8474,0.88394,0.802335,10.7596,2.65077,0.816554,13.1492,2.95407
7,9,93,0.664026,0.440606,0.222931,0.761973,0.59731,0.186589,0.611023,0.351724,0.223907,0.674375,0.504805,0.243748
7,10,94,0.530183,0.0654058,0.0579588,0.787311,0.172347,0.0465589,0.454929,0.0458571,0.0549434,0.548053,0.0899558,0.0741812
7,11,95,0.724170,0.223039,0.0849536,0.789122,0.342419,0.0915051,0.704853,0.180732,0.0756787,0.743409,0.258052,0.0890678
8,0,96,0.914455,7.43307,0.695347,0.948769,10.9376,0.590605,0.887558,6.3836,0.80872,0.915682,8.4461,0.777731
8,1,97,0.913837,4.08546,0.385204,0.962742,4.93675,0.191049,0.914405,3.93205,0.368069,0.918915,4.15627,0.366751
8,2,98,0.916655,1.95562,0.177811,0.959509,2.78903,0.117695,0.908418,1.80475,0.181945,0.924454,2.05982,0.168328
8,3,99,0.912354,8.45837,0.812561,0.948597,13.1529,0.712729,0.884170,7.20676,0.944112,0.911527,9.53159,0.925134
8,4,100,0.882942,10.8632,1.44021,0.935355,17.4116,1.20336,0.870317,9.22482,1.37456,0.889024,12.421,1.55051
8,5,101,0.932886,9.07419,0.652823,0.982548,13.8775,0.246485,0.936391,9.05379,0.615023,0.943312,9.22882,0.554601
8,6,102,0.617915,0.159508,0.0986308,0.701344,0.189758,0.080805,0.606132,0.16097,0.104599,0.640572,0.160859,0.090259
8,7,103,0.856435,0.874268,0.146554,0.945587,1.41604,0.0814849,0.860402,0.875745,0.142088,0.872340,0.959027,0.140347
8,8,104,0.836986,0.836941,0.163006,0.918097,1.24946,0.111464,0.818287,0.708395,0.157309,0.845242,0.955546,0.174953
8,9,105,0.852115,0.543696,0.0943589,0.905354,0.849843,0.0888427,0.847635,0.545035,0.0979719,0.862698,0.575883,0.0916542
8,10,106,0.859489,9.52408,1.55701,0.928928,15.7331,1.20374,0.833481,7.81551,1.56144,0.865210,11.0751,1.72538
8,11,107,0.920522,6.4127,0.553672,0.974461,8.54038,0.223829,0.929078,6.422,0.490229,0.925700,6.5365,0.524641
9,0,108,0.877946,2.85851,0.397398,0.934944,4.32983,0.30128,0.821944,2.51524,0.544871,0.880370,3.18503,0.4328
9,1,109,0.763824,0.822325,0.254265,0.911256,1.33222,0.129739,0.820804,0.870864,0.190125,0.761656,0.764816,0.239332
9,2,110,0.666460,0.869269,0.435038,0.816853,1.42256,0.318952,0.539411,0.669125,0.571349,0.688677,1.064,0.480992
9,3,111,0.422547,2.09512,2.8632,0.663046,2.52849,1.28495,0.359114,2.06742,3.68958,0.442841,2.22817,2.80337
9,4,112,0.954260,7.6248,0.365472,0.976433,10.8072,0.260834,0.956001,7.19737,0.331254,0.958662,7.90785,0.34099
9,5,113,0.817162,0.203566,0.0455473,0.872082,0.245771,0.0360499,0.815697,0.185395,0.0418891,0.809531,0.222647,0.0523851
9,6,114,0.388385,2.55235,4.01935,0.585995,2.89849,2.04778,0.343077,2.55152,4.88565,0.396454,2.66512,4.05727
9,7,115,0.867423,0.830428,0.126923,0.938161,1.43846,0.0948166,0.831398,0.719198,0.145848,0.863524,0.930445,0.147053
9,8,116,0.793297,4.99279,1.30093,0.937750,6.03121,0.400368,0.817461,5.19946,1.16104,0.791388,4.78154,1.26043
9,9,117,0.926506,5.45115,0.432405,0.970671,6.02354,0.182,0.914326,5.00292,0.468781,0.928191,5.7959,0.448396
9,10,118,0.927663,0.968856,0.0755492,0.956256,1.27083,0.058134,0.912850,0.883657,0.0843629,0.924691,1.04571,0.0851649
9,11,119,0.401903,0.108166,0.160969,0.674935,0.271294,0.130661,0.378530,0.0929268,0.152567,0.394941,0.135898,0.208198
10,0,120,0.849343,1.95022,0.34593,0.924717,2.26702,0.184561,0.782846,1.66818,0.462736,0.848305,2.13661,0.382072
10,1,121,0.502346,0.335801,0.332665,0.659927,0.501898,0.258638,0.472777,0.298134,0.332468,0.532697,0.381402,0.334581
10,2,122,0.368523,0.184362,0.31591,0.656090,0.27734,0.145376,0.383760,0.172251,0.2766,0.404538,0.195407,0.28763
10,3,123,0.872326,2.21764,0.324573,0.940349,2.22617,0.141217,0.851431,1.9888,0.347033,0.862728,2.36524,0.376341
10,4,124,0.566958,0.224785,0.171691,0.603603,0.221217,0.145277,0.575388,0.235597,0.173861,0.537593,0.217211,0.186833
10,5,125,0.366075,0.250022,0.432959,0.550898,0.297352,0.242407,0.394887,0.243153,0.3726,0.392634,0.264112,0.408556
10,6,126,0.796270,0.796114,0.20369,0.878826,0.751716,0.103648,0.803509,0.785151,0.192002,0.791950,0.77394,0.203319
10,7,127,0.726985,0.241727,0.0907792,0.856134,0.400274,0.0672628,0.699720,0.202967,0.087102,0.726543,0.287195,0.108095
10,8,128,0.752911,0.622723,0.204365,0.901607,0.634465,0.06924,0.790375,0.643494,0.170669,0.772991,0.583918,0.171482
10,9,129,0.942233,6.35718,0.389752,0.971152,8.6007,0.255479,0.944864,5.89444,0.34396,0.949168,6.65033,0.356151
10,10,130,0.649984,0.557934,0.300447,0.765470,0.825063,0.252789,0.616257,0.467811,0.291306,0.657820,0.63737,0.331542
10,11,131,0.833692,0.873121,0.174173,0.914881,1.09843,0.102197,0.782152,0.812347,0.226259,0.837247,0.932223,0.181215
11,0,132,0.442066,0.112484,0.141967,0.439143,0.0944826,0.12067,0.465096,0.119526,0.137466,0.423100,0.099718,0.135966
11,1,133,0.346130,1.28521,2.42787,0.481190,1.41461,1.52521,0.316936,1.3079,2.81879,0.368139,1.33312,2.28812
11,2,134,0.873323,1.41854,0.205761,0.936487,1.93216,0.131041,0.869181,1.25879,0.189458,0.869570,1.56474,0.234701
11,3,135,0.898036,4.70687,0.534421,0.958279,5.15551,0.224459,0.885463,4.41525,0.571122,0.903262,4.98463,0.533845
11,4,136,0.945597,3.19567,0.183857,0.974637,4.1611,0.108284,0.941759,2.98038,0.184315,0.946959,3.31416,0.185631
11,5,137,0.808327,1.21757,0.288715,0.916618,1.90975,0.173724,0.814898,1.14343,0.259727,0.813655,1.30428,0.298711
11,6,138,0.474934,0.358588,0.396439,0.714756,0.677003,0.270177,0.450497,0.306863,0.374303,0.523582,0.424504,0.386264
11,7,139,0.657595,0.186516,0.0971177,0.811345,0.35294,0.0820658,0.622659,0.15214,0.0921992,0.679813,0.228034,0.107402
11,8,140,0.811406,0.575107,0.133671,0.908402,0.876889,0.0884203,0.832770,0.56136,0.112728,0.826078,0.590805,0.124388
11,9,141,0.782178,6.43361,1.79164,0.872574,8.49452,1.24049,0.761582,5.19741,1.62708,0.809217,7.41058,1.74714
11,10,142,0.599264,0.119518,0.0799236,0.785266,0.183706,0.050235,0.585731,0.117033,0.0827735,0.639058,0.12881,0.0727521
11,11,143,0.514081,0.216076,0.204239,0.743425,0.368794,0.12728,0.509517,0.197321,0.18995,0.549182,0.229094,0.188061
12,0,144,0.927183,1.92019,0.150802,0.962067,2.43263,0.0959152,0.909925,1.71294,0.169566,0.927075,2.09447,0.164753
12,1,145,0.528628,0.429289,0.382793,0.736314,0.83517,0.299087,0.537258,0.371941,0.320354,0.591770,0.50521,0.348517
12,2,146,0.835860,10.7315,2.10738,0.873908,15.5694,2.24642,0.811974,8.82266,2.04303,0.846406,12.2397,2.22108
12,3,147,0.921123,2.42727,0.207851,0.963879,2.65369,0.0994461,0.921283,2.46361,0.210499,0.926254,2.48447,0.197808
12,4,148,0.507507,0.149922,0.145487,0.682560,0.217433,0.101122,0.509982,0.149716,0.143855,0.517946,0.149691,0.139318
12,5,149,0.709859,0.129323,0.0528582,0.765569,0.15226,0.0466248,0.709538,0.127588,0.0522305,0.703003,0.131589,0.0555922
12,6,150,0.910870,4.06246,0.397517,0.946511,4.3262,0.244481,0.854205,3.67877,0.627892,0.910188,4.33453,0.427707
12,7,151,0.913836,5.63701,0.531503,0.965476,6.70765,0.239856,0.907899,5.22202,0.529741,0.915838,5.94786,0.546584
12,8,152,0.870690,10.7807,1.60109,0.917348,15.6148,1.40687,0.850383,9.24788,1.62708,0.876882,12.1205,1.70177
12,9,153,0.866720,0.909423,0.139847,0.921350,1.28581,0.109761,0.848640,0.823084,0.146802,0.869317,0.978287,0.147064
12,10,154,0.936405,9.33701,0.634117,0.965852,12.9432,0.457616,0.940035,8.95793,0.571429,0.947910,9.57751,0.52631
12,11,155,0.929715,4.40615,0.3331,0.962916,5.87523,0.226267,0.924596,4.0533,0.33056,0.935663,4.69155,0.322593
13,0,156,0.213498,1.17533,4.32978,0.342612,1.5011,2.88024,0.172089,0.985386,4.74063,0.250660,1.47297,4.4034
13,1,157,0.648827,0.383585,0.207613,0.765219,0.773242,0.237242,0.616544,0.310758,0.193274,0.668224,0.449372,0.223115
13,2,158,0.638660,0.706269,0.399592,0.722672,1.22278,0.469247,0.649263,0.683872,0.369434,0.673545,0.768073,0.37227
13,3,159,0.694185,0.16647,0.0733366,0.783178,0.258983,0.0716992,0.695063,0.156106,0.0684867,0.713273,0.187537,0.0753878
13,4,160,0.460486,0.0841255,0.0985628,0.695870,0.165907,0.0725097,0.436303,0.071299,0.0921174,0.493462,0.0982186,0.100821
13,5,161,0.423857,0.217596,0.295775,0.399223,0.205905,0.30986,0.438278,0.226064,0.289736,0.417005,0.213528,0.298523
13,6,162,0.542734,0.129647,0.10923,0.675839,0.221987,0.106474,0.552086,0.105386,0.0855009,0.542802,0.150424,0.126701
13,7,163,0.548731,0.254171,0.209027,0.743641,0.551007,0.189951,0.535042,0.201976,0.17552,0.579368,0.298072,0.216406
13,8,164,0.785804,0.679521,0.185225,0.855207,0.757459,0.128243,0.797247,0.624205,0.158746,0.792021,0.727612,0.191066
13,9,165,0.591102,0.811307,0.561226,0.746949,1.09649,0.371469,0.536048,0.644279,0.557627,0.610219,0.920923,0.588246
13,10,166,0.163171,0.0569727,0.292187,0.283935,0.0782576,0.197361,0.195642,0.0507157,0.208512,0.187021,0.0653672,0.28415
13,11,167,0.927480,2.07673,0.16238,0.949190,2.57591,0.137889,0.932269,1.94467,0.141284,0.925263,2.14464,0.17323
14,0,168,0.812843,4.85426,1.11769,0.863334,6.81722,1.07917,0.761986,4.08688,1.27658,0.812036,5.51829,1.27733
14,1,169,0.287236,0.103851,0.257702,0.647544,0.293122,0.159546,0.275143,0.0769348,0.202682,0.353787,0.136775,0.249828
14,2,170,0.531322,0.126,0.111145,0.648616,0.174948,0.0947771,0.518075,0.123377,0.114768,0.527893,0.12805,0.114518
14,3,171,0.921827,3.51492,0.298072,0.953109,4.25204,0.209194,0.896275,3.23003,0.373809,0.915120,3.76992,0.34967
14,4,172,0.832011,7.31434,1.47682,0.878197,9.89304,1.37213,0.794428,6.26674,1.62162,0.843195,8.24128,1.53259
14,5,173,0.892296,6.65637,0.803454,0.963695,10.079,0.379703,0.906468,6.39041,0.659382,0.898707,6.49961,0.732571
14,6,174,0.694492,0.164928,0.0725518,0.799222,0.187283,0.0470485,0.700286,0.158731,0.0679353,0.701132,0.182795,0.077919
14,7,175,0.734913,0.406094,0.14648,0.855131,0.536976,0.0909699,0.748682,0.369787,0.12413,0.755582,0.462524,0.149619
14,8,176,0.867514,5.49598,0.839344,0.935275,9.18932,0.635945,0.868757,5.10014,0.770479,0.883079,5.79521,0.767295
14,9,177,0.814221,0.323217,0.0737479,0.881195,0.487514,0.0657277,0.806604,0.310978,0.0745618,0.818783,0.334653,0.0740669
14,10,178,0.869367,2.37289,0.356556,0.943519,3.28827,0.196844,0.865466,2.28632,0.355402,0.876305,2.40839,0.339955
14,11,179,0.431968,0.105193,0.138327,0.554469,0.197951,0.159059,0.425491,0.0895603,0.120927,0.450483,0.123608,0.150782
15,0,180,0.529720,0.105849,0.093972,0.633791,0.165701,0.0957432,0.561297,0.0938447,0.0733479,0.564342,0.114897,0.0886977
15,1,181,0.196658,0.340709,1.39178,0.217101,0.459767,1.65799,0.206218,0.372682,1.43454,0.191701,0.33192,1.39952
15,2,182,0.321048,0.138521,0.292944,0.452093,0.261411,0.316812,0.336220,0.128613,0.253913,0.311956,0.157108,0.346515
15,3,183,0.424422,0.175362,0.237816,0.675426,0.42064,0.202138,0.451207,0.170151,0.206951,0.429347,0.178841,0.2377
15,4,184,0.156366,0.407012,2.19593,0.143218,0.430569,2.57581,0.163453,0.454588,2.32656,0.154261,0.397469,2.17913
15,5,185,0.591961,0.143067,0.098616,0.793724,0.28296,0.0735368,0.541272,0.115032,0.0974894,0.618091,0.17326,0.107055
15,6,186,0.124641,0.124241,0.87255,0.158064,0.219498,1.16917,0.164874,0.120545,0.610587,0.150363,0.127988,0.723202
15,7,187,0.263200,0.131413,0.367876,0.404773,0.218141,0.320781,0.299791,0.110336,0.257706,0.300096,0.148434,0.346187
15,8,188,0.868089,2.55566,0.388348,0.937385,3.60149,0.240571,0.875047,2.47179,0.352961,0.879444,2.6797,0.36734
15,9,189,0.438721,0.186361,0.238421,0.488713,0.197718,0.20685,0.539324,0.213512,0.182376,0.434585,0.168296,0.218961
15,10,190,0.541246,0.144698,0.122644,0.640900,0.145043,0.0812683,0.521939,0.1406,0.12878,0.538275,0.162034,0.13899
15,11,191,0.826160,0.984113,0.207076,0.921943,1.35428,0.114661,0.827191,0.962461,0.201068,0.834771,1.01721,0.201339
16,0,192,0.653954,0.740212,0.391691,0.825396,1.1755,0.248664,0.584926,0.529519,0.375756,0.681217,0.92739,0.433982
16,1,193,0.379545,0.131189,0.214459,0.568088,0.281543,0.214054,0.326229,0.112346,0.232032,0.407435,0.151289,0.220031
16,2,194,0.841354,6.81541,1.28512,0.931325,9.80078,0.722703,0.860753,6.65143,1.07603,0.847819,6.88178,1.23526
16,3,195,0.568795,0.151591,0.114922,0.725432,0.307663,0.116447,0.556437,0.13803,0.110031,0.589793,0.169133,0.117634
16,4,196,0.689035,0.452329,0.204138,0.857528,0.635487,0.105582,0.649659,0.407706,0.219864,0.716125,0.492141,0.195086
16,5,197,0.819733,1.53523,0.337612,0.906858,2.23058,0.229101,0.815015,1.45643,0.330568,0.830782,1.59901,0.325693
16,6,198,0.895872,4.38382,0.509536,0.929258,6.206,0.472449,0.876459,3.72488,0.525037,0.898782,4.95417,0.557923
16,7,199,0.390293,0.188367,0.294263,0.438209,0.167228,0.214388,0.445610,0.209949,0.2612,0.392317,0.177091,0.274306
16,8,200,0.799084,0.907638,0.228209,0.875749,1.31052,0.185936,0.769635,0.869112,0.26014,0.805488,0.945149,0.228238
16,9,201,0.867462,6.7744,1.03505,0.882415,12.2175,1.62804,0.843113,6.0679,1.12912,0.876563,7.48565,1.05412
16,10,202,0.365748,0.149341,0.258976,0.492837,0.153139,0.157591,0.368454,0.152339,0.261115,0.389642,0.14715,0.230504
16,11,203,0.375762,0.190637,0.316697,0.562781,0.294133,0.228509,0.333452,0.181577,0.36296,0.407308,0.179439,0.261109
17,0,204,0.349212,0.330928,0.616715,0.395569,0.360183,0.55036,0.321717,0.312938,0.659775,0.366882,0.349701,0.603469
17,1,205,0.908680,6.02802,0.605804,0.945720,9.94406,0.570746,0.894681,5.04827,0.594264,0.916074,6.9115,0.633193
17,2,206,0.846580,5.31225,0.962706,0.925990,6.16561,0.492785,0.813706,4.73861,1.08488,0.860852,5.71379,0.923579
17,3,207,0.796071,5.08985,1.30387,0.884565,6.67688,0.871328,0.759802,4.09462,1.29444,0.794959,6.0248,1.55395
17,4,208,0.915286,1.49195,0.138088,0.906838,2.47141,0.253894,0.889911,1.30526,0.16147,0.907125,1.66548,0.170518
17,5,209,0.871844,6.20458,0.912035,0.900684,8.45778,0.932613,0.824839,5.10228,1.08351,0.878904,7.06739,0.973749
17,6,210,0.346437,0.325935,0.614886,0.481082,0.378624,0.408401,0.306489,0.288175,0.652071,0.386527,0.354666,0.562906
17,7,211,0.677941,4.00382,1.90203,0.827995,5.5847,1.16015,0.640102,3.18782,1.79235,0.701310,4.77939,2.03555
17,8,212,0.836793,6.29949,1.22865,0.870000,8.93205,1.33468,0.794262,5.18192,1.34228,0.840156,7.21493,1.37267
17,9,213,0.746330,1.1288,0.383667,0.888586,1.64727,0.206539,0.737900,0.957011,0.339927,0.757561,1.29999,0.41603
17,10,214,0.831331,3.23898,0.657159,0.895577,4.52199,0.527259,0.766797,2.6091,0.793497,0.845362,3.73546,0.683311
17,11,215,0.654163,0.402646,0.212868,0.808026,0.56993,0.135406,0.605191,0.331382,0.216184,0.667614,0.469103,0.233553
18,0,216,0.704271,0.317721,0.133414,0.794715,0.347437,0.0897471,0.690982,0.267698,0.119719,0.730353,0.339801,0.125455
18,1,217,0.279173,0.218132,0.563218,0.496609,0.25366,0.257125,0.277721,0.224188,0.583056,0.297257,0.213125,0.503848
18,2,218,0.397869,0.258642,0.391428,0.600570,0.355465,0.236415,0.400345,0.237137,0.355194,0.419595,0.268741,0.371736
18,3,219,0.396091,0.24001,0.365938,0.558473,0.302079,0.238823,0.400260,0.213555,0.319985,0.418052,0.250131,0.348194
18,4,220,0.549665,0.32187,0.263704,0.734645,0.569064,0.205547,0.529163,0.258694,0.23018,0.609269,0.398652,0.255659
18,5,221,0.290016,0.202799,0.496471,0.472650,0.20148,0.224797,0.311406,0.210433,0.465316,0.302659,0.191366,0.440918
18,6,222,0.502524,0.292504,0.289566,0.647010,0.430417,0.234823,0.510641,0.269507,0.258275,0.537214,0.312718,0.269392
18,7,223,0.341678,0.165111,0.318126,0.496015,0.189007,0.192044,0.358204,0.158565,0.284102,0.368043,0.170448,0.292671
18,8,224,0.443658,0.260544,0.32672,0.546212,0.310764,0.25818,0.489798,0.259432,0.270239,0.467341,0.260534,0.296947
18,9,225,0.677715,0.124711,0.0593061,0.837190,0.156444,0.0304239,0.684299,0.121961,0.0562667,0.693795,0.127006,0.0560538
18,10,226,0.479488,0.3301,0.358342,0.597328,0.481739,0.32475,0.453653,0.25649,0.308898,0.530069,0.392225,0.347726
18,11,227,0.450671,0.155468,0.189503,0.503113,0.198891,0.19643,0.483849,0.144271,0.153903,0.466525,0.159255,0.182109
19,0,228,0.506136,0.287319,0.280352,0.651697,0.44022,0.235278,0.513235,0.278649,0.264278,0.523191,0.274996,0.250617
19,1,229,0.726572,1.78074,0.670139,0.861083,2.27459,0.366954,0.688560,1.49597,0.676639,0.743883,2.06528,0.711069
19,2,230,0.780162,14.9107,4.2016,0.827090,21.9069,4.5798,0.743781,11.8254,4.07362,0.803173,17.0316,4.1738
19,3,231,0.630988,0.308818,0.180601,0.663797,0.410624,0.207975,0.611945,0.288064,0.182671,0.645823,0.319025,0.174957
19,4,232,0.641236,4.23962,2.37202,0.783554,8.49074,2.34545,0.561604,3.61187,2.81948,0.693765,5.10427,2.25308
19,5,233,0.831951,2.19026,0.442419,0.910232,3.69067,0.363976,0.822101,1.96708,0.425668,0.846410,2.39064,0.433805
19,6,234,0.711035,0.203698,0.0827826,0.806103,0.309226,0.0743804,0.705799,0.176778,0.0736868,0.731866,0.226668,0.0830447
19,7,235,0.853592,1.93942,0.332649,0.903436,2.39071,0.255532,0.824412,1.7125,0.364737,0.859324,2.17,0.355239
19,8,236,0.735532,0.145481,0.052309,0.829364,0.151741,0.0312197,0.728301,0.142624,0.0532071,0.724876,0.149569,0.0567684
19,9,237,0.657117,0.259434,0.135372,0.811739,0.417693,0.0968725,0.596617,0.197569,0.13358,0.705164,0.318385,0.13312
19,10,238,0.861577,5.62756,0.904135,0.929909,8.70974,0.656491,0.880591,5.20211,0.705413,0.878136,5.83482,0.809729
19,11,239,0.630374,1.58916,0.931821,0.845701,1.79194,0.326942,0.523823,1.28397,1.16719,0.668823,1.85298,0.917528
20,0,240,0.766886,0.496238,0.150843,0.869567,0.632907,0.0949346,0.711743,0.478516,0.1938,0.806691,0.529719,0.126938
20,1,241,0.929580,17.1757,1.30113,0.974704,22.9157,0.594723,0.911073,14.5791,1.42302,0.938825,19.2233,1.25263
20,2,242,0.971361,23.3076,0.687187,0.985192,30.4227,0.457263,0.971952,23.534,0.679137,0.970006,22.8228,0.705716
20,3,243,0.938692,27.0129,1.76427,0.977310,37.7083,0.875467,0.922724,22.695,1.90066,0.949205,29.8025,1.59482
20,4,244,0.695912,0.405892,0.17736,0.779864,0.648785,0.183136,0.694200,0.369141,0.162609,0.725469,0.453526,0.171622
20,5,245,0.939515,24.2476,1.56103,0.981389,33.5988,0.637175,0.924955,20.8204,1.68924,0.948140,26.6343,1.45681
20,6,246,0.707681,0.827982,0.342011,0.803808,1.15312,0.28145,0.720821,0.711983,0.275756,0.741420,0.905442,0.315785
20,7,247,0.981588,29.7609,0.558242,0.991812,33.5754,0.277178,0.983133,29.0453,0.498327,0.982028,30.8558,0.564698
20,8,248,0.931515,5.27315,0.387684,0.967084,5.63617,0.191832,0.916221,5.20681,0.47611,0.937873,5.33001,0.353072
20,9,249,0.962987,3.13561,0.120518,0.971564,3.06503,0.0897094,0.963581,3.02193,0.114216,0.967071,3.21966,0.109629
20,10,250,0.809669,0.652124,0.153296,0.855142,0.925574,0.156789,0.815244,0.585849,0.132769,0.827753,0.705707,0.146851
20,11,251,0.833720,11.5843,2.31041,0.918343,16.8015,1.49396,0.786772,8.92838,2.41974,0.853312,13.6794,2.35156
21,0,252,0.910214,12.2371,1.2071,0.953089,15.2692,0.751549,0.906677,11.1176,1.14432,0.922054,12.6143,1.06635
21,1,253,0.753239,0.639041,0.20935,0.877729,0.828339,0.11539,0.695306,0.588284,0.257795,0.791605,0.684893,0.180302
21,2,254,0.774758,0.787086,0.228826,0.882392,0.912944,0.12168,0.725624,0.743035,0.280959,0.812111,0.836696,0.193577
21,3,255,0.937791,23.353,1.54912,0.980269,33.7497,0.67932,0.919385,19.6132,1.71977,0.947591,25.6197,1.41697
21,4,256,0.751894,0.468917,0.154731,0.807632,0.728865,0.173607,0.752862,0.443836,0.145696,0.771360,0.506974,0.150272
21,5,257,0.850947,0.617121,0.108096,0.881607,0.623003,0.0836642,0.841605,0.657564,0.123757,0.852469,0.603176,0.104387
21,6,258,0.766477,0.492342,0.150002,0.843321,0.72284,0.134295,0.773516,0.44248,0.129558,0.776601,0.525525,0.151174
21,7,259,0.764788,1.17346,0.3609,0.886634,1.9702,0.251912,0.737038,1.01626,0.362585,0.800412,1.2657,0.31561
21,8,260,0.882713,14.944,1.98562,0.932253,18.0712,1.31323,0.882725,13.2964,1.7665,0.897749,16.3226,1.8591
21,9,261,0.918398,6.53424,0.580583,0.960914,8.88737,0.3615,0.903863,5.72872,0.609317,0.925109,7.24765,0.586728
21,10,262,0.930429,20.3926,1.52481,0.976269,25.7715,0.626436,0.909441,17.1696,1.70969,0.940845,22.4214,1.40972
21,11,263,0.992555,33.3049,0.249815,0.992903,29.2199,0.208844,0.991278,33.3378,0.293322,0.993191,32.865,0.225297
22,0,264,0.456640,0.250677,0.298282,0.680717,0.362837,0.170185,0.418022,0.216054,0.300794,0.462648,0.290852,0.337816
22,1,265,0.587159,0.32967,0.231796,0.734341,0.437062,0.158114,0.559628,0.280604,0.220808,0.626711,0.383368,0.228346
22,2,266,0.822394,0.60946,0.13162,0.892243,0.860001,0.103864,0.814851,0.573213,0.130245,0.825938,0.655663,0.138177
22,3,267,0.249916,0.150684,0.452254,0.451476,0.16475,0.200165,0.195909,0.130477,0.535532,0.281106,0.165563,0.423407
22,4,268,0.559511,0.321944,0.253459,0.637007,0.430462,0.245295,0.594789,0.304522,0.207461,0.561906,0.346341,0.270028
22,5,269,0.619936,0.251679,0.154297,0.678375,0.325859,0.154493,0.660669,0.237287,0.121874,0.645282,0.271142,0.14905
22,6,270,0.662704,0.34858,0.177417,0.668818,0.451557,0.2236,0.666897,0.358194,0.178911,0.672862,0.358488,0.174293
22,7,271,0.912375,1.54308,0.148199,0.942683,1.69219,0.102888,0.900167,1.4554,0.161411,0.919317,1.57914,0.138592
22,8,272,0.383281,0.322292,0.518586,0.572041,0.311003,0.232669,0.340846,0.309284,0.598116,0.388293,0.328239,0.517099
22,9,273,0.234108,0.112255,0.367244,0.420994,0.0855007,0.117592,0.224125,0.109898,0.380446,0.212402,0.110945,0.411388
22,10,274,0.606922,0.30666,0.198612,0.743549,0.396426,0.136728,0.585404,0.28812,0.204053,0.614247,0.31789,0.199638
22,11,275,0.848324,9.27279,1.65792,0.890200,12.9058,1.59183,0.886018,8.85418,1.13905,0.856067,9.31481,1.56613
23,0,276,0.668222,0.327636,0.162674,0.800585,0.330488,0.08232,0.670242,0.301425,0.1483,0.672574,0.338587,0.164833
23,1,277,0.748861,5.93587,1.99066,0.902673,8.59322,0.926531,0.681506,4.83109,2.25776,0.764417,7.00197,2.15791
23,2,278,0.697885,0.239198,0.103549,0.800250,0.248582,0.0620484,0.704145,0.245851,0.103297,0.733289,0.244075,0.0887748
23,3,279,0.612555,0.305761,0.193396,0.656330,0.367726,0.192551,0.624559,0.30266,0.181937,0.635245,0.312552,0.179466
23,4,280,0.429877,0.400532,0.531204,0.583237,0.420871,0.300742,0.407179,0.370485,0.539397,0.427035,0.417074,0.559601
23,5,281,0.599571,0.325002,0.217056,0.604304,0.335116,0.219432,0.591225,0.342541,0.236834,0.602912,0.315517,0.207804
23,6,282,0.538982,0.387756,0.331667,0.731877,0.516559,0.189241,0.521174,0.363349,0.333825,0.547964,0.423179,0.349095
23,7,283,0.925839,4.96928,0.398048,0.961794,7.71946,0.306648,0.919387,4.53995,0.398069,0.935302,5.3033,0.366845
23,8,284,0.180335,0.227856,1.03565,0.338011,0.181449,0.355365,0.170127,0.213082,1.03941,0.206177,0.240977,0.927811
23,9,285,0.489002,0.436645,0.456287,0.599966,0.439352,0.292943,0.482006,0.420964,0.452394,0.507461,0.438467,0.425573
23,10,286,0.876166,20.9876,2.96633,0.925721,28.6162,2.29615,0.851577,17.5219,3.05392,0.889382,23.2946,2.89729
23,11,287,0.532415,0.39842,0.349905,0.624642,0.419504,0.252087,0.536290,0.385442,0.333278,0.549008,0.395897,0.325217
24,0,288,0.192354,0.294097,1.23484,0.497015,0.292124,0.295633,0.143911,0.291893,1.73639,0.235919,0.306604,0.993012
24,1,289,0.215888,0.3044,1.10559,0.507108,0.292391,0.284195,0.154237,0.291381,1.59779,0.283825,0.322551,0.813893
24,2,290,0.916037,12.8408,1.17697,0.909880,15.6664,1.55169,0.923335,11.7773,0.977877,0.919276,12.8952,1.13236
24,3,291,0.768482,0.383964,0.115675,0.828925,0.47366,0.0977547,0.746140,0.351414,0.119562,0.768969,0.422049,0.126802
24,4,292,0.449990,0.0523385,0.0639718,0.624957,0.0533632,0.0320238,0.455114,0.0514548,0.0616045,0.459972,0.0534407,0.062742
24,5,293,0.872734,0.859769,0.125375,0.879328,1.05116,0.144253,0.861822,0.783197,0.125571,0.874535,0.911377,0.13075
24,6,294,0.705303,0.73533,0.307243,0.833558,0.898743,0.179458,0.572922,0.646453,0.481891,0.710620,0.828824,0.337516
24,7,295,0.419303,0.229616,0.317998,0.552735,0.232504,0.188139,0.414321,0.211814,0.299418,0.443024,0.234507,0.294826
24,8,296,0.738426,0.544421,0.192851,0.782176,0.652304,0.181657,0.677449,0.50702,0.241406,0.763489,0.572993,0.1775
24,9,297,0.609271,0.168716,0.108198,0.643800,0.224347,0.124126,0.599956,0.163113,0.108762,0.654173,0.17942,0.0948497
24,10,298,0.592875,0.202649,0.139158,0.610355,0.232564,0.148466,0.571691,0.184008,0.137858,0.618518,0.210296,0.129704
24,11,299,0.515171,0.260194,0.244869,0.619656,0.284382,0.174553,0.505355,0.232925,0.227989,0.545171,0.272653,0.227471
25,0,300,0.513609,0.299251,0.283393,0.680126,0.374009,0.175902,0.490142,0.263665,0.27427,0.474881,0.336585,0.372191
25,1,301,0.388550,0.26833,0.422262,0.620977,0.2858,0.174443,0.330843,0.264843,0.535667,0.428217,0.272695,0.364119
25,2,302,0.609053,0.273488,0.17555,0.666609,0.276856,0.138464,0.549041,0.268309,0.220378,0.622140,0.27789,0.168778
25,3,303,0.491363,0.228535,0.236569,0.638676,0.267716,0.151457,0.531287,0.223703,0.197356,0.503746,0.234611,0.231122
25,4,304,0.432208,0.260533,0.342262,0.546096,0.310986,0.258485,0.463892,0.267575,0.309229,0.417188,0.256599,0.358468
25,5,305,0.183595,0.0734645,0.326681,0.366441,0.133657,0.231087,0.202037,0.0750446,0.296396,0.194127,0.0699846,0.290524
25,6,306,0.959279,5.6467,0.239698,0.953281,5.20529,0.255104,0.951139,5.30452,0.272501,0.961567,5.58251,0.223131
25,7,307,0.960509,17.5747,0.722574,0.917257,14.7481,1.33038,0.963859,17.3561,0.650778,0.959260,17.2016,0.73055
25,8,308,0.419812,0.243314,0.336264,0.556883,0.264719,0.21064,0.468879,0.228357,0.258671,0.425787,0.255698,0.344832
25,9,309,0.892865,7.41325,0.889517,0.907364,7.96179,0.812844,0.918719,7.59336,0.671805,0.892870,7.18537,0.86213
25,10,310,0.742521,0.294382,0.102081,0.843406,0.385011,0.0714846,0.775371,0.291108,0.0843355,0.737384,0.304759,0.108538
25,11,311,0.662981,2.09272,1.06381,0.875064,2.79497,0.399047,0.617948,1.99737,1.23489,0.562376,2.40918,1.87475
26,0,312,0.357631,0.0900893,0.161816,0.441739,0.11063,0.139812,0.377554,0.0860226,0.141819,0.380521,0.0969281,0.157797
26,1,313,0.757169,2.93783,0.942188,0.885397,3.98165,0.515374,0.741291,2.5763,0.899119,0.784977,3.21016,0.879337
26,2,314,0.623958,0.864295,0.520886,0.789387,1.14966,0.306735,0.671820,0.783094,0.382538,0.648164,0.922422,0.500709
26,3,315,0.660298,0.150284,0.0773161,0.671912,0.17821,0.0870184,0.620296,0.14637,0.089598,0.656083,0.150661,0.0789762
26,4,316,0.923431,6.87823,0.57033,0.973740,7.16028,0.193098,0.915434,6.35288,0.586868,0.924007,7.31862,0.601907
26,5,317,0.725513,5.16777,1.95515,0.875288,8.58442,1.22312,0.720130,4.51273,1.75382,0.767526,5.38491,1.63102
26,6,318,0.375190,0.348895,0.581021,0.549149,0.267811,0.219873,0.321726,0.367669,0.775132,0.411943,0.352943,0.503834
26,7,319,0.863926,3.78763,0.596578,0.932435,4.86047,0.352191,0.851308,3.38046,0.590439,0.860760,4.07268,0.658815
26,8,320,0.229881,0.311573,1.04379,0.400230,0.216172,0.323947,0.145949,0.310943,1.81954,0.235382,0.299198,0.971918
26,9,321,0.195278,0.255695,1.05369,0.525394,0.441632,0.398941,0.207591,0.224504,0.856971,0.223263,0.285217,0.992274
26,10,322,0.837073,30.9163,6.01752,0.919929,43.9098,3.82193,0.809033,25.835,6.09819,0.865828,34.3579,5.32422
26,11,323,0.147849,0.242177,1.39582,0.390379,0.312297,0.487686,0.170221,0.252074,1.22879,0.159168,0.256237,1.35362
27,0,324,0.547254,0.173511,0.143546,0.642798,0.210466,0.116956,0.528562,0.138357,0.123405,0.607237,0.205686,0.133038
27,1,325,0.918989,0.605075,0.0533391,0.965638,0.736134,0.0261954,0.903038,0.549746,0.0590279,0.931974,0.630089,0.0459911
27,2,326,0.184208,1.16298,5.15039,0.254242,0.883655,2.59199,0.179914,1.27984,5.83376,0.186388,1.07763,4.70404
27,3,327,0.852332,2.48852,0.431141,0.937364,2.77205,0.185233,0.778816,2.31322,0.656954,0.873297,2.61541,0.379457
27,4,328,0.618661,0.0875886,0.0539891,0.746219,0.0865992,0.0294514,0.582307,0.079217,0.0568228,0.641728,0.0881951,0.0492387
27,5,329,0.789443,0.16625,0.0443415,0.885253,0.194787,0.0252485,0.769424,0.147918,0.044327,0.807341,0.174044,0.041533
27,6,330,0.973613,20.7795,0.563165,0.993536,21.5557,0.140233,0.972462,20.7443,0.587432,0.978784,21.1383,0.458189
27,7,331,0.960329,19.7691,0.816663,0.989710,23.3179,0.242433,0.954558,17.9158,0.852887,0.966303,21.3693,0.745196
27,8,332,0.337182,0.474873,0.933485,0.613686,0.581893,0.3663,0.351970,0.445094,0.819486,0.355792,0.508627,0.920935
27,9,333,0.904854,9.83227,1.03387,0.949359,12.1415,0.647662,0.874897,8.9641,1.28179,0.914974,10.2965,0.956824
27,10,334,0.869396,8.71935,1.30985,0.960837,12.3513,0.50343,0.875120,8.46378,1.20778,0.882834,8.61357,1.14316
27,11,335,0.389304,42.767,67.0881,0.361991,66.9236,117.953,0.286924,33.9195,84.2983,0.378555,46.9204,77.0258
28,0,336,0.976301,28.9379,0.702438,0.991756,31.2318,0.259621,0.973040,28.0964,0.778463,0.979235,29.2974,0.621274
28,1,337,0.925585,20.2302,1.62647,0.966099,28.5604,1.00221,0.913498,16.8328,1.59395,0.930707,22.804,1.69779
28,2,338,0.721359,1.17587,0.454207,0.879006,1.8899,0.260143,0.649713,0.945408,0.509708,0.749661,1.36064,0.454367
28,3,339,0.713424,0.215339,0.0864998,0.816714,0.20948,0.0470113,0.658038,0.217938,0.113256,0.700812,0.208398,0.0889683
28,4,340,0.785001,0.305047,0.0835472,0.855604,0.274179,0.0462718,0.776730,0.288988,0.0830689,0.805992,0.297999,0.0717306
28,5,341,0.940858,4.32237,0.271702,0.980054,5.15512,0.104915,0.940053,3.9084,0.249238,0.948855,4.66128,0.251252
28,6,342,0.968801,30.1123,0.969725,0.993277,38.4656,0.260346,0.959403,25.9351,1.09745,0.972215,32.8209,0.937989
28,7,343,0.845809,0.286224,0.0521787,0.925985,0.301168,0.0240728,0.801820,0.253573,0.0626739,0.876755,0.292712,0.0411462
28,8,344,0.779128,268.783,76.1963,0.831980,244.626,49.4029,0.743332,286.711,98.9994,0.765569,260.518,79.7751
28,9,345,0.424172,1.71905,2.33367,0.573041,1.26529,0.942735,0.360045,1.87529,3.3332,0.452149,1.59248,1.92955
28,10,346,0.966241,21.8671,0.764013,0.985940,27.1245,0.386804,0.962426,20.0319,0.782071,0.972413,22.5069,0.638503
28,11,347,0.967093,614.102,20.8958,0.986408,679.793,9.36734,0.960794,599.309,24.4552,0.968372,614.724,20.0775
29,0,348,0.957985,25.5978,1.12267,0.990409,32.5505,0.315212,0.943470,22.2194,1.33132,0.963850,27.7923,1.04236
29,1,349,0.852779,0.355168,0.0613151,0.922578,0.38987,0.0327178,0.794030,0.324951,0.0842915,0.869982,0.38104,0.0569461
29,2,350,0.967420,24.2598,0.816999,0.992375,29.76,0.228662,0.959229,21.9843,0.934419,0.973136,25.9255,0.715685
29,3,351,0.549562,0.70854,0.580741,0.775813,0.615728,0.177927,0.373035,0.748435,1.2579,0.592990,0.675679,0.463764
29,4,352,0.931603,3.07546,0.225796,0.973866,3.8689,0.103823,0.920501,2.6675,0.230378,0.934129,3.38684,0.238827
29,5,353,0.930121,1.92558,0.144667,0.973318,2.36629,0.0648678,0.914126,1.70593,0.160257,0.936332,2.04963,0.139368
29,6,354,0.802257,0.110085,0.0271341,0.835777,0.131692,0.0258763,0.772455,0.100634,0.0296442,0.797949,0.115053,0.0291329
29,7,355,0.902718,3.92112,0.422561,0.960016,6.13724,0.255614,0.897441,3.40486,0.389108,0.912668,4.17935,0.399918
29,8,356,0.703594,0.430494,0.181356,0.837631,0.491444,0.095263,0.714510,0.382185,0.152706,0.726958,0.475391,0.178555
29,9,357,0.947145,671.846,37.4922,0.950697,711.007,36.8726,0.936879,646.341,43.5462,0.941753,684.132,42.313
29,10,358,0.928243,1.0886,0.0841534,0.963863,1.1495,0.0430967,0.912113,0.963313,0.0928208,0.934583,1.22116,0.0854757
29,11,359,0.697161,7.69028,3.34056,0.903689,9.75775,1.03994,0.650610,6.90155,3.70627,0.739694,8.13602,2.86315
