layer,head,head_index,A_icc,A_var_target,A_var_error,B_icc,B_var_target,B_var_error,C_icc,C_var_target,C_var_error
0,0,0,0.932971,0.386746,0.0277857,0.936245,0.375642,0.0255799,0.928772,0.380045,0.0291458
0,1,1,0.996239,1.22475,0.00462335,0.997820,1.22695,0.00268039,0.995854,1.21477,0.00505788
0,2,2,0.299654,0.0149454,0.0349301,0.162121,0.00776657,0.0401393,0.271095,0.0140776,0.0378511
0,3,3,0.048013,0.000877863,0.017406,0.000000,0,0.016633,0.053660,0.000964872,0.0170163
0,4,4,0.996894,5.76385,0.0179593,0.998403,5.74542,0.00919264,0.996807,5.75488,0.0184318
0,5,5,0.998098,7.09187,0.0135126,0.999086,7.19798,0.0065853,0.998110,7.08734,0.0134198
0,6,6,0.983657,3.69545,0.0613972,0.994785,3.7723,0.0197741,0.984572,3.687,0.0577754
0,7,7,0.990362,1.33761,0.0130177,0.995094,1.32519,0.00653301,0.990238,1.35075,0.0133157
0,8,8,0.243007,0.00153376,0.00477783,0.142164,0.000886263,0.00534783,0.223310,0.00152261,0.00529575
0,9,9,0.893628,0.17476,0.0208023,0.870614,0.163643,0.0243198,0.896933,0.175404,0.0201558
0,10,10,0.993478,9.37571,0.0615484,0.992324,8.74064,0.0676081,0.993200,9.61021,0.0657965
0,11,11,0.995912,4.17517,0.0171361,0.997522,4.18552,0.0103988,0.995560,4.10119,0.0182913
1,0,12,0.511961,0.750275,0.715217,0.821203,2.63066,0.572762,0.445507,0.65103,0.810293
1,1,13,0.913709,9.01344,0.851228,0.919653,5.02313,0.438855,0.918028,10.098,0.901662
1,2,14,0.636941,1.12893,0.643495,0.877167,3.3262,0.46578,0.537694,0.799,0.686974
1,3,15,0.508840,0.629908,0.608022,0.845043,2.66896,0.489411,0.440118,0.507827,0.646017
1,4,16,0.759935,1.78011,0.562338,0.946185,3.94885,0.224594,0.735829,1.52992,0.549257
1,5,17,0.696356,0.389764,0.169955,0.873403,0.276333,0.0400536,0.672632,0.409944,0.199518
1,6,18,0.846111,0.968084,0.176073,0.949158,1.3704,0.0734067,0.835557,0.879538,0.173098
1,7,19,0.374392,0.481824,0.805125,0.329682,0.34653,0.704574,0.345413,0.516009,0.977881
1,8,20,0.924437,4.12434,0.33712,0.955568,3.69099,0.171624,0.920838,4.1436,0.356215
1,9,21,0.872521,1.57154,0.229608,0.957020,2.37951,0.106864,0.869674,1.51439,0.226942
1,10,22,0.715490,0.201875,0.0802741,0.882171,0.384361,0.0513378,0.687319,0.177708,0.0808445
1,11,23,0.506398,0.257479,0.250973,0.698947,0.397887,0.171379,0.507656,0.236111,0.228989
2,0,24,0.425319,0.233798,0.315903,0.510730,0.371023,0.355433,0.396586,0.205712,0.312995
2,1,25,0.607716,0.170576,0.110108,0.856034,0.337733,0.0567992,0.591021,0.145892,0.100956
2,2,26,0.788726,0.463619,0.124188,0.868453,0.413747,0.0626714,0.780817,0.481158,0.135066
2,3,27,0.905379,5.39637,0.563976,0.983610,10.8452,0.180711,0.894448,4.62119,0.545339
2,4,28,0.896454,7.16959,0.828131,0.980175,11.269,0.227925,0.894551,6.26424,0.738422
2,5,29,0.862675,1.86435,0.296776,0.970313,2.62927,0.0804425,0.861288,1.85359,0.298525
2,6,30,0.583330,0.213014,0.152155,0.721154,0.298752,0.115517,0.615460,0.191881,0.119887
2,7,31,0.858948,3.8294,0.628846,0.975739,9.47629,0.235616,0.836597,2.98108,0.58226
2,8,32,0.861222,3.14684,0.507083,0.976510,6.54848,0.157527,0.847342,2.64255,0.476083
2,9,33,0.827930,0.752597,0.156414,0.945309,1.09634,0.0634288,0.842046,0.752191,0.141098
2,10,34,0.583797,1.54244,1.09964,0.855485,2.77695,0.469101,0.615430,1.64768,1.02961
2,11,35,0.839454,4.34406,0.830802,0.965870,9.80901,0.346608,0.793130,3.39204,0.884736
3,0,36,0.862175,14.3232,2.28966,0.958921,14.1646,0.6068,0.857176,13.2647,2.21018
3,1,37,0.851207,0.549159,0.0959939,0.941278,0.986441,0.0615398,0.839606,0.502335,0.0959636
3,2,38,0.879962,4.2506,0.579834,0.963974,5.83122,0.21793,0.876197,4.29735,0.6072
3,3,39,0.472712,0.130023,0.145035,0.747564,0.201418,0.0680144,0.337892,0.108889,0.21337
3,4,40,0.955195,9.30511,0.436468,0.979633,8.94942,0.186065,0.952776,9.724,0.481968
3,5,41,0.648169,0.4445,0.241278,0.822804,0.702919,0.151378,0.649114,0.440618,0.238181
3,6,42,0.405883,0.264352,0.386948,0.571916,0.340856,0.255134,0.371030,0.233111,0.39517
3,7,43,0.944625,16.6803,0.977823,0.985124,21.7693,0.328722,0.946607,15.8888,0.896194
3,8,44,0.732268,0.619906,0.22665,0.864905,0.912156,0.142476,0.721534,0.546026,0.210731
3,9,45,0.548044,0.410135,0.338227,0.719416,0.511648,0.199551,0.509506,0.361913,0.348409
3,10,46,0.691938,0.220821,0.0983132,0.868543,0.414571,0.062747,0.619293,0.19128,0.117588
3,11,47,0.874872,0.539638,0.0771812,0.933820,0.872531,0.0618368,0.858495,0.472813,0.0779336
4,0,48,0.871533,2.45898,0.36246,0.936929,2.91193,0.196022,0.852981,2.26686,0.390713
4,1,49,0.535631,0.679227,0.588861,0.802715,0.807629,0.198493,0.497564,0.66471,0.671218
4,2,50,0.724662,0.928898,0.352937,0.835576,1.1338,0.223109,0.737969,0.909004,0.322761
4,3,51,0.903145,11.8791,1.27394,0.969083,13.5236,0.431443,0.900068,11.4068,1.26647
4,4,52,0.754363,0.755514,0.246011,0.889420,1.16209,0.144481,0.782822,0.767984,0.213062
4,5,53,0.866919,7.26756,1.11565,0.962672,9.58779,0.371767,0.864060,6.73033,1.05886
4,6,54,0.843954,0.238036,0.0440125,0.925053,0.304543,0.0246739,0.817505,0.207763,0.0463798
4,7,55,0.752336,0.297119,0.0978095,0.912585,0.465562,0.0445954,0.694480,0.267624,0.117735
4,8,56,0.513354,0.206334,0.195599,0.677016,0.285397,0.136154,0.462456,0.192067,0.223252
4,9,57,0.475372,0.182568,0.201486,0.653706,0.258673,0.137029,0.480917,0.170937,0.184503
4,10,58,0.848663,0.667278,0.118992,0.916933,1.04679,0.0948311,0.837830,0.589709,0.114144
4,11,59,0.619458,0.334705,0.205614,0.804529,0.641018,0.155743,0.613888,0.297012,0.18681
5,0,60,0.874310,5.68672,0.817515,0.952172,8.87156,0.445623,0.884719,5.22095,0.680303
5,1,61,0.916033,5.91757,0.542429,0.960325,8.50778,0.351487,0.908511,5.51383,0.555252
5,2,62,0.953317,8.64489,0.42333,0.979724,10.6661,0.220741,0.949703,8.65445,0.458344
5,3,63,0.473354,0.0417833,0.0464875,0.729117,0.0530328,0.0197028,0.441047,0.0408969,0.0518298
5,4,64,0.954503,5.92439,0.282389,0.990605,6.77382,0.0642431,0.955632,5.77205,0.267983
5,5,65,0.882032,0.883331,0.118142,0.952904,0.99665,0.0492576,0.859567,0.818644,0.133748
5,6,66,0.927681,4.26144,0.332206,0.971795,6.09055,0.17677,0.919874,4.11761,0.358666
5,7,67,0.875777,3.62389,0.514026,0.951450,4.83803,0.246874,0.879153,3.38681,0.465547
5,8,68,0.409034,0.106332,0.153627,0.448959,0.0953565,0.117038,0.449084,0.105355,0.129245
5,9,69,0.930483,4.78282,0.357325,0.971134,4.74602,0.141069,0.920706,4.57026,0.393606
5,10,70,0.874045,3.43654,0.495226,0.968878,5.31552,0.170744,0.878044,3.21863,0.447053
5,11,71,0.920735,2.66565,0.229484,0.979512,3.8602,0.0807437,0.921447,2.64518,0.2255
6,0,72,0.780787,0.602016,0.169021,0.897165,1.18367,0.135674,0.779719,0.59498,0.16809
6,1,73,0.535464,0.0679413,0.0589418,0.607908,0.0755945,0.0487573,0.559391,0.0630471,0.0496596
6,2,74,0.781614,0.700831,0.195815,0.897741,0.750128,0.0854445,0.725045,0.645012,0.244605
6,3,75,0.433802,0.0965049,0.125958,0.525800,0.133987,0.120838,0.378942,0.0902306,0.147881
6,4,76,0.557330,0.373892,0.296972,0.706591,0.552216,0.229305,0.483798,0.328705,0.350721
6,5,77,0.686730,0.115101,0.0525063,0.831487,0.196516,0.0398267,0.680587,0.10394,0.048781
6,6,78,0.457022,0.0679195,0.0806938,0.530735,0.101097,0.0893876,0.403201,0.06628,0.0981043
6,7,79,0.689654,0.414424,0.186492,0.916960,0.801961,0.0726255,0.721488,0.421182,0.162586
6,8,80,0.435938,0.131873,0.170631,0.530471,0.181551,0.160694,0.371868,0.0996253,0.16828
6,9,81,0.732215,0.792725,0.289915,0.888683,1.24216,0.155594,0.759244,0.821998,0.260656
6,10,82,0.486118,0.303869,0.321224,0.661055,0.402043,0.206141,0.453627,0.277103,0.333758
6,11,83,0.772606,9.29954,2.73704,0.914004,11.4932,1.08137,0.794169,8.74558,2.26666
7,0,84,0.870055,4.1933,0.62628,0.949206,6.96132,0.372511,0.891393,4.21069,0.513029
7,1,85,0.870527,1.47989,0.220103,0.928617,1.91449,0.147168,0.844177,1.38601,0.255838
7,2,86,0.802576,0.551988,0.135782,0.928749,0.83374,0.0639625,0.811154,0.464183,0.108067
7,3,87,0.752412,4.78248,1.57372,0.912259,8.21538,0.790153,0.754142,4.06907,1.32656
7,4,88,0.887912,1.46611,0.185079,0.949658,2.18769,0.11597,0.901531,1.48104,0.161766
7,5,89,0.280465,0.11877,0.304705,0.377326,0.133934,0.221022,0.274421,0.104869,0.277279
7,6,90,0.583267,0.259776,0.185605,0.608373,0.413515,0.266192,0.547000,0.252406,0.209031
7,7,91,0.933847,1.62648,0.115218,0.965694,2.29363,0.0814807,0.917821,1.53448,0.137393
7,8,92,0.725871,8.47973,3.20241,0.910711,10.0613,0.986445,0.711006,7.9251,3.22122
7,9,93,0.691630,0.436887,0.19479,0.792734,0.527212,0.137843,0.656388,0.361578,0.189283
7,10,94,0.442685,0.0393228,0.0495052,0.739750,0.116323,0.0409234,0.391041,0.0305179,0.0475248
7,11,95,0.636835,0.131425,0.0749471,0.706829,0.200622,0.083212,0.615424,0.103913,0.0649352
8,0,96,0.886454,3.09829,0.396859,0.925628,4.95658,0.398249,0.851503,2.8122,0.490431
8,1,97,0.906854,2.54442,0.261345,0.954634,3.08162,0.146445,0.910224,2.48003,0.244608
8,2,98,0.899597,1.16227,0.12972,0.940931,1.6082,0.100958,0.888414,1.11355,0.139864
8,3,99,0.886688,3.80484,0.48623,0.929964,6.18543,0.46583,0.857370,3.45663,0.575034
8,4,100,0.841214,5.11649,0.96578,0.904088,8.50203,0.901959,0.833999,4.58223,0.91206
8,5,101,0.912524,4.14996,0.397823,0.975940,7.24183,0.178537,0.909063,4.09341,0.409482
8,6,102,0.486788,0.0863394,0.091026,0.574130,0.10274,0.0762086,0.484548,0.0912082,0.0970256
8,7,103,0.864342,0.803947,0.126179,0.940612,1.29112,0.081518,0.870384,0.819172,0.12199
8,8,104,0.829893,0.674023,0.138158,0.912182,1.10891,0.106758,0.809994,0.567589,0.133144
8,9,105,0.854243,0.454555,0.0775597,0.894695,0.652108,0.0767527,0.842102,0.454478,0.085217
8,10,106,0.801257,4.42414,1.09736,0.896392,7.70582,0.890662,0.781928,3.95866,1.10403
8,11,107,0.907490,3.75849,0.383144,0.964405,5.2743,0.194667,0.908359,3.78764,0.382121
9,0,108,0.846298,1.35961,0.246928,0.908557,2.192,0.220618,0.768081,1.20984,0.365308
9,1,109,0.608009,0.296097,0.190897,0.826974,0.412431,0.0862921,0.686488,0.32108,0.146633
9,2,110,0.615719,0.553634,0.345533,0.771614,0.878584,0.260047,0.457755,0.41161,0.487583
9,3,111,0.328196,1.5804,3.23503,0.482914,1.59491,1.70777,0.252417,1.43279,4.24349
9,4,112,0.930770,3.52619,0.262276,0.963717,5.467,0.205829,0.929305,3.3218,0.2527
9,5,113,0.863433,0.207002,0.0327412,0.879549,0.243122,0.0332947,0.840686,0.190683,0.0361352
9,6,114,0.277819,1.70582,4.43421,0.356376,1.56854,2.83283,0.217575,1.52681,5.49058
9,7,115,0.813935,0.437226,0.0999499,0.903229,0.870884,0.0933052,0.751052,0.375303,0.1244
9,8,116,0.740177,2.42756,0.852139,0.903190,3.01419,0.323081,0.759468,2.53033,0.801383
9,9,117,0.904873,2.78088,0.292346,0.956898,3.15404,0.14207,0.890214,2.56642,0.316505
9,10,118,0.890228,0.453573,0.0559291,0.924043,0.638239,0.0524638,0.854900,0.406982,0.0690758
9,11,119,0.401998,0.0917945,0.136551,0.642424,0.193766,0.107851,0.352884,0.0692456,0.126982
10,0,120,0.804789,1.21347,0.29434,0.893214,1.4587,0.174392,0.727933,1.05201,0.393192
10,1,121,0.453301,0.262808,0.316958,0.561424,0.329273,0.257223,0.406071,0.221853,0.324488
10,2,122,0.133049,0.0485495,0.31635,0.404473,0.0879196,0.129449,0.124520,0.0431787,0.303581
10,3,123,0.824865,1.15996,0.246282,0.911275,1.33642,0.130119,0.800144,1.02506,0.256034
10,4,124,0.433950,0.114175,0.148931,0.510458,0.157266,0.150822,0.390592,0.106782,0.166603
10,5,125,0.248345,0.128046,0.387553,0.433858,0.148277,0.193486,0.277867,0.128946,0.335112
10,6,126,0.827920,0.763637,0.158719,0.890314,0.760542,0.0936986,0.832941,0.738157,0.148049
10,7,127,0.800814,0.295247,0.0734367,0.869609,0.495128,0.0742403,0.773690,0.24491,0.0716382
10,8,128,0.763745,0.496753,0.153664,0.909935,0.550501,0.0544886,0.791418,0.518199,0.136574
10,9,129,0.916360,3.14521,0.287076,0.949515,4.74493,0.252286,0.920851,3.04199,0.261466
10,10,130,0.637319,0.45825,0.260778,0.690185,0.57479,0.258015,0.582022,0.366557,0.263243
10,11,131,0.733567,0.45818,0.166412,0.856247,0.572944,0.0961903,0.664161,0.431517,0.218201
11,0,132,0.281436,0.0522407,0.133381,0.341397,0.0502552,0.0969492,0.283475,0.0533877,0.134945
11,1,133,0.280235,0.917471,2.35647,0.275100,0.722967,1.90505,0.225208,0.83673,2.87863
11,2,134,0.769801,0.649308,0.194167,0.867240,0.751579,0.115054,0.765371,0.561853,0.172239
11,3,135,0.865355,2.61633,0.407088,0.940658,3.06671,0.193465,0.857017,2.53248,0.422514
11,4,136,0.915275,1.40824,0.130358,0.955219,1.97032,0.0923699,0.911394,1.33498,0.129787
11,5,137,0.815647,0.809864,0.183045,0.904725,1.2121,0.127644,0.815234,0.754715,0.17105
11,6,138,0.382077,0.217111,0.351128,0.607888,0.393901,0.254082,0.333187,0.16582,0.331859
11,7,139,0.572086,0.126396,0.0945431,0.707258,0.206291,0.0853861,0.530067,0.100301,0.0889219
11,8,140,0.800860,0.432918,0.107648,0.886369,0.630379,0.0808134,0.821786,0.41681,0.0903904
11,9,141,0.656469,3.0343,1.58785,0.784625,4.42944,1.21585,0.652972,2.58462,1.37362
11,10,142,0.489570,0.0728795,0.0759847,0.768361,0.125015,0.0376886,0.455147,0.0676234,0.0809514
11,11,143,0.411602,0.13505,0.193059,0.599629,0.163512,0.109177,0.372915,0.115725,0.194601
12,0,144,0.890207,0.910386,0.112282,0.936839,1.16551,0.0785775,0.866353,0.798317,0.123151
12,1,145,0.381395,0.213826,0.346816,0.552807,0.333941,0.270142,0.403939,0.195337,0.288243
12,2,146,0.753244,5.03697,1.65006,0.807755,8.07358,1.9215,0.754817,4.40502,1.43086
12,3,147,0.903382,1.66549,0.178126,0.952629,1.7559,0.0873149,0.894659,1.68233,0.198085
12,4,148,0.310990,0.0689093,0.152671,0.423819,0.0745995,0.101418,0.316257,0.068161,0.147363
12,5,149,0.595192,0.0640044,0.0435312,0.575300,0.055821,0.0412083,0.575196,0.061549,0.0454562
12,6,150,0.894880,2.52179,0.296231,0.930934,2.59896,0.192818,0.827682,2.31401,0.481762
12,7,151,0.896038,3.29765,0.382607,0.951848,4.08292,0.206546,0.889534,3.11761,0.38716
12,8,152,0.805725,5.62973,1.35743,0.871520,8.42103,1.24144,0.806791,5.22215,1.25059
12,9,153,0.802815,0.544404,0.133715,0.877377,0.587966,0.082175,0.778907,0.494359,0.140324
12,10,154,0.903245,4.7027,0.503752,0.945527,7.22915,0.416483,0.911864,4.69233,0.453535
12,11,155,0.892518,1.89149,0.227784,0.938528,2.94064,0.192608,0.885919,1.78678,0.230085
13,0,156,0.173516,0.927338,4.41706,0.193774,0.821188,3.41668,0.130279,0.695524,4.64321
13,1,157,0.617846,0.295136,0.18255,0.667947,0.465346,0.231335,0.582169,0.236801,0.169955
13,2,158,0.587052,0.456476,0.321097,0.456422,0.449253,0.535039,0.583133,0.453171,0.323961
13,3,159,0.740623,0.177463,0.0621501,0.782171,0.249181,0.0693954,0.724899,0.17152,0.0650924
13,4,160,0.322867,0.0420465,0.0881821,0.499676,0.0695526,0.0696428,0.307776,0.0354293,0.0796847
13,5,161,0.329648,0.128282,0.260867,0.302735,0.139895,0.322208,0.288571,0.0997304,0.24587
13,6,162,0.514043,0.112784,0.106622,0.565166,0.144874,0.111465,0.555642,0.0934499,0.0747336
13,7,163,0.414066,0.145007,0.205195,0.518485,0.204181,0.189622,0.379969,0.108564,0.177154
13,8,164,0.713132,0.429423,0.172742,0.801260,0.490028,0.121544,0.715249,0.378506,0.150689
13,9,165,0.571183,0.720657,0.541036,0.647975,0.754612,0.409957,0.520979,0.572368,0.526272
13,10,166,0.088391,0.0296954,0.306262,0.165918,0.0340753,0.171299,0.113099,0.0277975,0.217982
13,11,167,0.908801,1.23788,0.124222,0.936410,1.58534,0.107658,0.913694,1.19271,0.112661
14,0,168,0.740728,2.88265,1.009,0.795238,4.16057,1.07128,0.682970,2.5315,1.1751
14,1,169,0.209981,0.0604538,0.227448,0.410576,0.0987029,0.141698,0.208809,0.0486865,0.184477
14,2,170,0.577292,0.137679,0.100812,0.648802,0.167063,0.0904316,0.517472,0.114949,0.107186
14,3,171,0.903131,1.98982,0.213427,0.943009,2.55996,0.154711,0.870753,1.89044,0.280602
14,4,172,0.778470,4.24849,1.209,0.820962,5.87368,1.28095,0.743663,3.83841,1.32308
14,5,173,0.845944,3.5007,0.637515,0.937446,5.76857,0.384925,0.871515,3.46283,0.510515
14,6,174,0.720420,0.16655,0.0646344,0.758445,0.153374,0.0488478,0.712780,0.157738,0.0635618
14,7,175,0.723749,0.32932,0.1257,0.783692,0.33507,0.0924829,0.744132,0.294632,0.101309
14,8,176,0.806042,2.71524,0.653366,0.897242,5.12696,0.587175,0.803088,2.57976,0.632542
14,9,177,0.736642,0.198961,0.0711308,0.805654,0.263563,0.0635784,0.700669,0.191919,0.0819893
14,10,178,0.848107,1.40336,0.251336,0.919069,2.16627,0.190756,0.830366,1.3759,0.28108
14,11,179,0.468170,0.10316,0.117188,0.425203,0.116218,0.157105,0.485074,0.0848517,0.0900736
15,0,180,0.587487,0.121168,0.0850798,0.585322,0.12886,0.0912926,0.609855,0.107653,0.0688695
15,1,181,0.157341,0.215568,1.1545,0.068214,0.136225,1.86078,0.146142,0.217843,1.27278
15,2,182,0.258697,0.0847209,0.24277,0.310871,0.121824,0.270055,0.218251,0.0572937,0.205219
15,3,183,0.411664,0.134844,0.192715,0.516175,0.218225,0.204548,0.404332,0.134575,0.198257
15,4,184,0.126230,0.271901,1.88211,0.041007,0.131621,3.07812,0.111916,0.262694,2.08454
15,5,185,0.557704,0.11417,0.0905446,0.705605,0.135094,0.0563645,0.517572,0.0970369,0.0904481
15,6,186,0.098997,0.102616,0.933942,0.069865,0.0884672,1.17779,0.134765,0.0997019,0.640117
15,7,187,0.240620,0.0941966,0.297278,0.228229,0.0984097,0.332778,0.256469,0.076111,0.220654
15,8,188,0.809738,1.42419,0.334639,0.903598,2.18761,0.233388,0.824445,1.41254,0.300782
15,9,189,0.327307,0.0973817,0.200143,0.451683,0.157513,0.191211,0.399596,0.100796,0.151448
15,10,190,0.626290,0.193827,0.115657,0.687007,0.172932,0.0787858,0.586382,0.188184,0.13274
15,11,191,0.806738,0.737832,0.176755,0.926263,0.992753,0.0790298,0.805416,0.723973,0.174908
16,0,192,0.628708,0.559878,0.330643,0.783791,0.750442,0.207009,0.590308,0.406385,0.282044
16,1,193,0.387226,0.12441,0.196875,0.507259,0.199621,0.193908,0.307631,0.0993222,0.223539
16,2,194,0.792516,3.66047,0.958326,0.883376,5.70463,0.753132,0.827605,3.71746,0.774369
16,3,195,0.502918,0.0995364,0.0983814,0.515236,0.124724,0.117347,0.492928,0.096105,0.0988626
16,4,196,0.654263,0.316232,0.167109,0.786956,0.325681,0.0881681,0.608035,0.290024,0.186962
16,5,197,0.826574,1.21501,0.254926,0.884796,1.71443,0.223226,0.816920,1.17985,0.264415
16,6,198,0.831315,1.97784,0.401332,0.883891,3.11375,0.409028,0.813033,1.72851,0.397491
16,7,199,0.118897,0.0423968,0.314188,0.318983,0.0967157,0.206484,0.119032,0.0344362,0.254865
16,8,200,0.752767,0.641895,0.210819,0.852072,0.947063,0.164419,0.717182,0.635533,0.250621
16,9,201,0.795756,3.19169,0.819202,0.813230,5.91013,1.35735,0.773619,3.02728,0.885863
16,10,202,0.235930,0.0764442,0.247568,0.397383,0.0910858,0.138128,0.185902,0.0599367,0.262474
16,11,203,0.399712,0.214278,0.321803,0.494718,0.194498,0.198651,0.350853,0.201872,0.373503
17,0,204,0.338038,0.296216,0.580065,0.265280,0.205386,0.56884,0.285875,0.242989,0.606995
17,1,205,0.880613,2.62598,0.356011,0.925148,4.85656,0.392933,0.867921,2.29704,0.349561
17,2,206,0.793522,3.26475,0.849503,0.884120,3.78883,0.496595,0.747592,3.01702,1.01863
17,3,207,0.747669,2.77338,0.935992,0.839589,3.82282,0.730384,0.705431,2.28541,0.954326
17,4,208,0.894235,0.755396,0.0893443,0.865928,1.23796,0.191674,0.863742,0.705707,0.111328
17,5,209,0.852009,3.35433,0.582636,0.867411,4.87292,0.744857,0.794536,2.89723,0.749212
17,6,210,0.367746,0.338296,0.581622,0.438805,0.330488,0.422666,0.293847,0.257443,0.618669
17,7,211,0.625490,2.15247,1.28878,0.772211,2.96116,0.873492,0.581429,1.7738,1.27696
17,8,212,0.798330,3.40752,0.860791,0.817565,4.84249,1.08057,0.741184,2.87791,1.00495
17,9,213,0.642475,0.754427,0.419825,0.841155,0.956196,0.18057,0.642614,0.645112,0.358776
17,10,214,0.771521,1.6672,0.493727,0.844871,2.39606,0.439948,0.694543,1.34499,0.591523
17,11,215,0.663297,0.4062,0.206196,0.759713,0.449462,0.142159,0.619040,0.329699,0.202898
18,0,216,0.599392,0.166316,0.111158,0.724345,0.178774,0.0680335,0.564524,0.148354,0.114441
18,1,217,0.265231,0.202384,0.560664,0.485824,0.259745,0.274903,0.214126,0.15904,0.583701
18,2,218,0.435778,0.28499,0.36899,0.626251,0.401194,0.239434,0.394051,0.22018,0.33858
18,3,219,0.455295,0.28327,0.338898,0.573875,0.309152,0.229558,0.434885,0.221428,0.287736
18,4,220,0.461037,0.206823,0.241781,0.545088,0.299562,0.250005,0.445070,0.169035,0.210759
18,5,221,0.275186,0.189722,0.499709,0.469827,0.19998,0.225665,0.251507,0.159102,0.473492
18,6,222,0.535513,0.328083,0.284569,0.686130,0.487383,0.222953,0.506665,0.254298,0.247607
18,7,223,0.337284,0.151441,0.29756,0.488958,0.190581,0.199188,0.312959,0.116624,0.256025
18,8,224,0.451469,0.262918,0.319444,0.567887,0.331237,0.252043,0.450295,0.209442,0.25568
18,9,225,0.692225,0.130249,0.057911,0.855500,0.163803,0.0276676,0.701443,0.126037,0.0536455
18,10,226,0.543741,0.390993,0.328086,0.612597,0.499477,0.315867,0.527921,0.29847,0.266898
18,11,227,0.475676,0.164419,0.181234,0.497205,0.173999,0.175956,0.466673,0.130011,0.14858
19,0,228,0.414434,0.18359,0.259401,0.501736,0.229947,0.228356,0.415472,0.185887,0.261526
19,1,229,0.599247,1.0132,0.677586,0.741135,1.23512,0.431404,0.567789,0.853625,0.649794
19,2,230,0.678256,6.07697,2.88272,0.690063,9.65854,4.33806,0.642137,4.96356,2.7662
19,3,231,0.696829,0.362288,0.157622,0.655833,0.386859,0.203015,0.669139,0.32764,0.162004
19,4,232,0.462244,1.85721,2.16061,0.628618,3.36493,1.98797,0.362679,1.50998,2.65343
19,5,233,0.773612,1.25429,0.367051,0.873594,2.16363,0.313069,0.762491,1.14709,0.357309
19,6,234,0.735596,0.225378,0.0810101,0.798267,0.281741,0.0711996,0.725200,0.196568,0.0744857
19,7,235,0.825905,1.24879,0.263238,0.880408,1.38807,0.188552,0.795820,1.12579,0.288838
19,8,236,0.671169,0.10396,0.050934,0.768578,0.107399,0.0323383,0.617778,0.0902225,0.055821
19,9,237,0.579655,0.161432,0.117064,0.652904,0.1695,0.0901098,0.509395,0.122402,0.117887
19,10,238,0.796051,2.73744,0.701337,0.896839,5.09566,0.586137,0.828812,2.60783,0.538637
19,11,239,0.622524,1.30825,0.793277,0.817722,1.11872,0.249375,0.506209,1.08335,1.05677
20,0,240,0.702500,0.327687,0.138771,0.777726,0.29068,0.0830762,0.626795,0.324643,0.193299
20,1,241,0.913513,8.29074,0.784926,0.971590,12.3462,0.361013,0.897816,7.17202,0.816274
20,2,242,0.966904,11.183,0.382781,0.978605,15.7401,0.344118,0.966496,11.4578,0.397189
20,3,243,0.928703,12.7875,0.981697,0.975928,19.4769,0.480421,0.914150,10.8501,1.01895
20,4,244,0.697053,0.41131,0.17876,0.728990,0.423415,0.157409,0.720952,0.371866,0.143933
20,5,245,0.927316,11.9943,0.940123,0.981581,18.5666,0.348392,0.916746,10.4953,0.953122
20,6,246,0.487121,0.351962,0.370573,0.586817,0.468077,0.329577,0.503664,0.292443,0.288188
20,7,247,0.974241,13.8417,0.365978,0.988256,15.6325,0.185777,0.978492,13.9617,0.306894
20,8,248,0.903187,3.16289,0.339033,0.961508,3.37409,0.135077,0.886654,3.13184,0.400363
20,9,249,0.933346,1.4722,0.105136,0.962252,1.5079,0.0591534,0.938208,1.45349,0.0957291
20,10,250,0.668967,0.305007,0.15093,0.706610,0.359022,0.149069,0.682067,0.270097,0.125901
20,11,251,0.803756,5.23839,1.27899,0.891392,8.17606,0.996175,0.746067,4.14188,1.40974
21,0,252,0.857058,5.44813,0.908648,0.917009,7.30794,0.661382,0.856174,5.14739,0.864697
21,1,253,0.770870,0.595314,0.176949,0.876362,0.554284,0.078199,0.708676,0.559005,0.229797
21,2,254,0.763967,0.698064,0.215672,0.866205,0.644366,0.0995292,0.714763,0.644701,0.257278
21,3,255,0.924092,11.5302,0.947127,0.978932,18.5249,0.398679,0.910156,10.0229,0.989393
21,4,256,0.747272,0.414472,0.140175,0.781807,0.509512,0.142199,0.781161,0.407809,0.114246
21,5,257,0.790556,0.390486,0.103452,0.813615,0.334358,0.0765957,0.779351,0.416187,0.11783
21,6,258,0.573443,0.198762,0.14785,0.664237,0.291772,0.147487,0.558851,0.16794,0.132569
21,7,259,0.652663,0.655255,0.348717,0.806951,1.0829,0.259065,0.655506,0.58399,0.30691
21,8,260,0.810490,7.55695,1.76697,0.870973,9.59893,1.422,0.825117,7.16594,1.51881
21,9,261,0.923254,4.72368,0.392661,0.946750,5.98838,0.336819,0.915013,4.26734,0.396355
21,10,262,0.917574,9.85803,0.885556,0.972104,13.5533,0.388935,0.893577,8.40663,1.00121
21,11,263,0.989932,16.469,0.167496,0.991206,14.5816,0.129374,0.987988,16.4999,0.200603
22,0,264,0.484538,0.282139,0.300146,0.624635,0.324958,0.195278,0.445842,0.234246,0.291156
22,1,265,0.587911,0.279316,0.195783,0.675060,0.320829,0.154431,0.543213,0.24362,0.204859
22,2,266,0.802663,0.445964,0.109642,0.830648,0.574543,0.117137,0.786083,0.413237,0.112455
22,3,267,0.250159,0.153476,0.460039,0.334588,0.126191,0.250963,0.194978,0.136076,0.561829
22,4,268,0.530807,0.292569,0.258609,0.626846,0.376616,0.224195,0.554743,0.255415,0.205006
22,5,269,0.652371,0.247644,0.131962,0.696513,0.273897,0.119343,0.691038,0.222256,0.0993704
22,6,270,0.675785,0.338862,0.162573,0.681649,0.364727,0.170339,0.679996,0.344977,0.162345
22,7,271,0.860469,0.878335,0.142428,0.910204,0.983688,0.097045,0.842137,0.840038,0.157469
22,8,272,0.358073,0.34214,0.613363,0.507978,0.265738,0.25739,0.321143,0.33585,0.709947
22,9,273,0.190202,0.0949722,0.40435,0.242186,0.0473084,0.148031,0.169158,0.0848308,0.416658
22,10,274,0.585445,0.272918,0.193254,0.700707,0.317138,0.135459,0.572713,0.248439,0.185354
22,11,275,0.755225,4.51851,1.46449,0.827841,7.04712,1.46553,0.817154,4.45833,0.997596
23,0,276,0.663608,0.305404,0.154813,0.770975,0.320517,0.0952122,0.661404,0.285218,0.146013
23,1,277,0.684212,3.20107,1.47741,0.886268,5.23709,0.672062,0.600604,2.56723,1.70718
23,2,278,0.365023,0.065227,0.113466,0.477022,0.0706895,0.0774998,0.366230,0.0657651,0.113808
23,3,279,0.644712,0.376482,0.207472,0.641103,0.350176,0.196033,0.661539,0.375518,0.192125
23,4,280,0.263776,0.209586,0.584974,0.375945,0.186705,0.309923,0.247226,0.200087,0.609241
23,5,281,0.666152,0.457959,0.22951,0.670470,0.417344,0.205121,0.647523,0.464585,0.252895
23,6,282,0.561630,0.440693,0.343975,0.756857,0.582387,0.187094,0.531321,0.389474,0.343556
23,7,283,0.887657,2.3688,0.299798,0.932833,3.95188,0.284547,0.882525,2.24384,0.298683
23,8,284,0.151132,0.20703,1.16283,0.297737,0.12682,0.299127,0.127633,0.190857,1.3045
23,9,285,0.492359,0.471429,0.486061,0.576509,0.444542,0.326551,0.504206,0.465595,0.457827
23,10,286,0.822912,9.7885,2.10646,0.919369,14.2903,1.2533,0.787431,7.99805,2.15909
23,11,287,0.538539,0.438307,0.375574,0.576414,0.386135,0.283757,0.536960,0.411282,0.354664
24,0,288,0.203903,0.322955,1.26091,0.440085,0.235504,0.299629,0.139131,0.286166,1.77064
24,1,289,0.218381,0.300621,1.07597,0.452745,0.22537,0.272416,0.152036,0.275089,1.53428
24,2,290,0.862360,5.95301,0.950149,0.888128,7.81129,0.983941,0.866797,5.46662,0.840068
24,3,291,0.762075,0.379662,0.118533,0.826277,0.446274,0.093828,0.712362,0.33605,0.135691
24,4,292,0.365476,0.0464311,0.0806119,0.505881,0.0376316,0.0367566,0.386221,0.0471109,0.0748682
24,5,293,0.867918,0.627867,0.0955502,0.857776,0.660509,0.109516,0.844599,0.592423,0.109002
24,6,294,0.721009,0.605423,0.234266,0.839928,0.69226,0.13193,0.590536,0.540003,0.374425
24,7,295,0.456324,0.275771,0.32856,0.527417,0.221435,0.198413,0.426636,0.234347,0.314944
24,8,296,0.747206,0.477211,0.16145,0.725373,0.501065,0.189704,0.707248,0.473552,0.196018
24,9,297,0.642668,0.191422,0.106434,0.663904,0.247559,0.125325,0.648280,0.182894,0.0992279
24,10,298,0.657408,0.218567,0.113901,0.624729,0.205483,0.123432,0.662733,0.208327,0.106018
24,11,299,0.555371,0.303828,0.243244,0.604911,0.270734,0.176825,0.537215,0.262289,0.22595
25,0,300,0.402832,0.227933,0.337893,0.578771,0.241217,0.175558,0.391542,0.194405,0.302107
25,1,301,0.436152,0.363603,0.470059,0.607703,0.309162,0.199577,0.358354,0.34665,0.620689
25,2,302,0.619469,0.274323,0.168513,0.616094,0.24995,0.155751,0.545636,0.255622,0.212862
25,3,303,0.471091,0.246066,0.276266,0.585454,0.241414,0.170939,0.503119,0.238454,0.235498
25,4,304,0.390182,0.217736,0.340301,0.424919,0.234047,0.316757,0.402077,0.224984,0.334571
25,5,305,0.124868,0.0489541,0.343092,0.304336,0.0941794,0.215279,0.139634,0.0532237,0.327941
25,6,306,0.937885,2.71282,0.179668,0.945152,2.75428,0.159834,0.930808,2.65724,0.197527
25,7,307,0.928421,7.97612,0.614944,0.850318,6.86423,1.20831,0.934678,8.0602,0.563304
25,8,308,0.404805,0.264208,0.388471,0.502591,0.256443,0.253798,0.448977,0.249149,0.305777
25,9,309,0.841137,3.41613,0.645196,0.875272,3.95866,0.564116,0.872286,3.5825,0.524526
25,10,310,0.673329,0.222562,0.107978,0.731873,0.223836,0.0820038,0.687645,0.216633,0.0984034
25,11,311,0.539051,1.18353,1.01205,0.781078,1.44979,0.406349,0.473067,1.11025,1.23667
26,0,312,0.305083,0.060656,0.138162,0.395491,0.0854095,0.130549,0.309717,0.0549103,0.122382
26,1,313,0.663174,1.73527,0.881346,0.807400,2.0566,0.490589,0.638067,1.48298,0.841198
26,2,314,0.469482,0.462613,0.522757,0.627170,0.557459,0.331389,0.541504,0.431199,0.3651
26,3,315,0.669776,0.127459,0.0628417,0.617511,0.148213,0.0918037,0.623282,0.125121,0.0756243
26,4,316,0.865443,3.01212,0.468316,0.954199,3.27299,0.1571,0.850692,2.81502,0.494076
26,5,317,0.590690,2.22281,1.54026,0.797894,4.63338,1.17363,0.592453,2.05947,1.4167
26,6,318,0.325260,0.349426,0.724871,0.464407,0.203734,0.234964,0.271027,0.351071,0.944266
26,7,319,0.811657,1.84534,0.428208,0.905288,2.79236,0.292138,0.788096,1.66395,0.447405
26,8,320,0.245378,0.366983,1.1286,0.334857,0.201353,0.399957,0.143057,0.312665,1.87293
26,9,321,0.191976,0.268017,1.12808,0.480689,0.376593,0.406851,0.200826,0.234998,0.935157
26,10,322,0.884342,30.9609,4.0492,0.936806,39.804,2.68504,0.860164,28.3361,4.60658
26,11,323,0.131517,0.223109,1.47331,0.291521,0.239224,0.581382,0.147487,0.227374,1.31428
27,0,324,0.459793,0.0988344,0.11612,0.584156,0.122781,0.0874043,0.453654,0.0830709,0.100044
27,1,325,0.901878,0.382197,0.041582,0.956745,0.505554,0.0228562,0.891349,0.354231,0.0431791
27,2,326,0.179070,0.939285,4.30605,0.149357,0.400436,2.28062,0.149092,0.986853,5.63221
27,3,327,0.818273,1.51826,0.337184,0.927246,1.57263,0.123392,0.722621,1.46611,0.562768
27,4,328,0.490779,0.0526682,0.0546473,0.695292,0.0625787,0.0274248,0.455718,0.0476271,0.0568829
27,5,329,0.674325,0.0979077,0.0472859,0.794671,0.0960597,0.0248201,0.668742,0.0927681,0.0459522
27,6,330,0.950373,9.40681,0.491212,0.991023,10.1949,0.0923488,0.953496,9.61523,0.468951
27,7,331,0.940042,8.75999,0.558728,0.987011,11.1919,0.147286,0.938805,8.10654,0.528412
27,8,332,0.296600,0.436192,1.03445,0.554269,0.48585,0.39071,0.303042,0.400609,0.921351
27,9,333,0.845429,5.32466,0.973518,0.904919,6.25812,0.65755,0.813876,5.04222,1.1531
27,10,334,0.787839,4.52542,1.21867,0.946043,6.79121,0.387329,0.816243,4.54528,1.02326
27,11,335,0.231183,16.8064,55.891,0.133020,18.7421,122.155,0.146668,13.0651,76.0147
28,0,336,0.950240,16.204,0.848535,0.987915,17.7703,0.217376,0.954486,16.15,0.770099
28,1,337,0.922085,10.2782,0.868493,0.965258,14.7192,0.529786,0.910198,8.8858,0.876696
28,2,338,0.745320,1.01,0.345123,0.893550,1.44627,0.172295,0.683222,0.849185,0.393727
28,3,339,0.738934,0.217845,0.0769645,0.827862,0.189614,0.0394267,0.678159,0.21123,0.100245
28,4,340,0.681053,0.173559,0.0812803,0.823347,0.172531,0.0370173,0.707408,0.169816,0.0702378
28,5,341,0.887701,2.06467,0.261191,0.971982,2.60647,0.0751329,0.891660,1.87199,0.227453
28,6,342,0.963988,14.841,0.554416,0.993281,19.7723,0.133747,0.955800,13.0099,0.601625
28,7,343,0.827337,0.226476,0.047265,0.924797,0.248815,0.0202334,0.770947,0.200984,0.0597137
28,8,344,0.655888,131.277,68.8747,0.757845,121.897,38.9499,0.621341,142.655,86.9372
28,9,345,0.398796,1.6662,2.51188,0.535363,0.971062,0.842777,0.343208,1.81355,3.47057
28,10,346,0.961487,9.41174,0.376991,0.982102,11.916,0.217165,0.961342,8.89538,0.357702
28,11,347,0.953141,292.104,14.3605,0.985381,327.284,4.85539,0.943372,289.375,17.3704
29,0,348,0.943952,11.4409,0.679306,0.988752,15.0501,0.171216,0.935288,10.0455,0.695038
29,1,349,0.820211,0.26927,0.0590235,0.913899,0.268372,0.0252841,0.766211,0.243741,0.074371
29,2,350,0.956122,11.0936,0.509105,0.991513,14.3766,0.123053,0.952616,10.287,0.511684
29,3,351,0.568005,0.866154,0.658752,0.721736,0.42926,0.165501,0.382464,0.874347,1.41174
29,4,352,0.915309,1.63636,0.151409,0.968902,2.04642,0.0656814,0.913864,1.46808,0.138374
29,5,353,0.917525,1.58911,0.142844,0.966584,1.99481,0.0689619,0.904045,1.37547,0.145992
29,6,354,0.792728,0.0947382,0.0247708,0.796725,0.118341,0.0301933,0.744720,0.0837592,0.0287115
29,7,355,0.851265,2.1053,0.367841,0.951817,3.64813,0.184675,0.858261,1.89841,0.313516
29,8,356,0.725085,0.42795,0.162256,0.848498,0.483183,0.0862738,0.724976,0.383353,0.145428
29,9,357,0.897766,278.371,31.6996,0.885852,319.191,41.1298,0.873551,278.126,40.2596
29,10,358,0.876754,0.477783,0.0671626,0.948609,0.53277,0.028863,0.857740,0.424017,0.070325
29,11,359,0.588817,4.58877,3.20443,0.805280,4.81445,1.16415,0.527105,4.08996,3.66933
