index,run,seed,prompt
1,run_001,2001,rabbits are running around
4,run_004,2004,someone is playing a video game
7,run_007,2007,Background - sunset  landscape beach
10,run_010,2010,a video game plane is flown
13,run_013,2013,The musician plays the guitar. close up
16,run_016,2016,close up of a businessman man controlling a futuristic computer system using his eye.
19,run_019,2019,Close up footage rain drops falling on thatched roof with green nature mountain background.
22,run_022,2022,City skyline and space needle sunrise time lapse.
25,run_025,2025,an overhead view in a plane or helicopter looking down at landscape
28,run_028,2028,Close up of a cool guy driving his car during a sunny morning!
31,run_031,2031,a group of white color camels inside forest walking on grass land  displaying on screen
34,run_034,2034,there is a orange color fish floating in the water
37,run_037,2037,Halloween smiling pumpkin with blinking candle inside. black background. loopable. studio shot
40,run_040,2040,Autumn dry yellow grass swaying in the wind
43,run_043,2043,baby tigers are laying on the branch and grass and a mature angry tiger is snarling
46,run_046,2046,Spring thaw and ice melt causing ice jam and chunks of ice pushed on shoreline
49,run_049,2049,firefighters putting out fire as 3 men are having a conversation
52,run_052,2052,a cartoon of arrow firing and fighting with sword
55,run_055,2055,two dogs walk across a busy street
58,run_058,2058,two ladies discussing wine
61,run_061,2061,a person is filming a bird standing around
